variance,skewness,curtosis,entropy,class
-0.23541723839426382,-1.42057531797421,1.5983282464824653,-0.17485092216727674,0
0.44768528114749806,0.8564800799098072,-0.5997109206693458,-0.20070159630717438,0
-1.4373525365485487,-0.24260418632909397,0.22642793218178853,0.33181276954777755,1
-0.046463441068650635,-0.46094112375176216,-0.12963948803810577,0.9043266499742618,1
1.2469199401117115,-0.7391435153832241,0.21157153613731225,1.040987690832439,0
1.5895294395885187,-1.166661517253511,0.4904199282532209,0.43646753374987146,0
-0.5406262262709245,-1.40789664628943,0.9520864289901743,0.930182084827629,1
-0.5662911759495362,-1.3145680080084439,0.7326864419370319,0.8766240582946919,1
1.2085279879897337,0.8452139313791702,-0.6613044889090411,0.2837962134934484,0
-0.831097204688306,-1.9551387492368029,1.4657617263252252,0.08434136197132115,1
1.756281297568867,1.4435281064420133,-1.3159672129150215,-1.3647912538923985,0
-0.13727868971909093,-0.254226018400955,-0.5330351413711176,0.7535024865440413,1
1.887840532770736,0.6902618432047758,-0.9602809014723049,0.2597879354662838,0
-2.345610495448891,1.1614489343947219,-0.3582225991592931,-1.180742071157879,1
-0.9845243833149644,-1.5558031370443628,1.5075924082753407,0.988048557050549,1
0.1827737800127887,1.3414009805623273,-0.6212310150932187,-0.30039093636048125,0
1.4275941543560737,-1.0789829715890982,0.41611512714597815,0.5515844894798806,0
-0.7262576431244435,-2.002330637266193,1.5416183476030125,0.03509654184183662,1
-1.9794103367469493,-1.2247621684371885,2.0609760452684394,0.044332325972849806,1
1.2050825563890433,1.408657504721054,-1.1814380966597402,-1.3629345756392568,0
-1.8428235840052978,-1.3723282921670263,2.289960803963179,0.03819100559707296,1
-0.0875765810058675,0.5317869563206504,-1.458917235683992,-2.490747596586172,1
1.0561906907877834,0.17399313954102733,-0.06745942305748406,0.7436525703754505,0
1.4403563142647533,-1.0145344753874033,0.3206781866574988,0.7017916168373068,0
0.060591040809941266,0.07504844534597736,0.8112815693981327,0.8113689587669614,0
-2.0425531444493963,0.9371300465060131,-0.3021039894065875,-2.9727698353826053,1
0.7761263221030993,-1.0356542492945338,0.6476330040602832,0.6303809147933909,0
-0.13751424473668916,0.7473073566106593,-0.6624911749218104,-0.6285469158196237,0
-0.10771126139071793,0.00566462728040832,-1.058045572216601,0.2554794897763009,1
0.8160652026988563,0.75962864291909,-0.4767200437997592,0.27025198367245234,0
-1.0111385845570315,-0.39508861357155134,0.07724780784577945,0.344742867331196,1
1.036467352747097,1.2998421667982558,-1.2242728975437371,-1.1616516101448051,0
-1.6592664576052556,-2.4435824485990536,3.1074961832217363,-0.11143821875227926,1
0.663903692823472,-0.2806367977131837,0.797406471402677,1.2336537649469246,0
-1.2158605050756,-1.7287095857925063,2.0335909834353028,1.1031626087453419,1
-1.1534560041447293,0.23702911258857884,-0.5222796583361534,-0.9480383967641044,1
-0.22166363796375307,1.1779907718143279,-0.09307358422541075,-1.4626715228272598,0
-0.4279360027026321,-1.267035752953959,0.6149763178242684,0.9794316656705833,1
-0.08555854249689174,0.08878225480855141,-0.9573598282101039,0.26409638115626677,1
-0.2617923688722013,1.2656863358299957,0.177363029730753,-1.5353200103732703,0
0.4889953028904687,-0.15491713148905362,0.6556431346464755,0.9369518193813923,0
0.18105106421244357,0.8536550336015205,-0.7667141560817544,-0.7418042892612745,0
-0.9313311382961434,-0.3493075468611792,-0.007417674988333108,0.45001176357086753,1
1.2602797769307148,0.6004560036335205,-0.7246552652830295,0.6617778201253659,0
-0.21476574326930983,-0.011234595515547046,-0.8147977604837692,0.27948776780346546,1
0.7117881605800047,0.17504827731882108,-0.4964692375584226,0.4912538243579639,0
-0.8604536882248001,-0.05349116168106285,-0.29838874935122534,0.015387188077715728,1
-0.7423246047725606,-0.3869878783742958,0.0608167707458978,1.4589783334628277,1
-1.4156252229850117,0.16871745065205834,-0.2735548342366944,-0.025840590568971734,1
-0.3906233847657685,-0.027436065910058136,-0.7995534093966568,0.18283576294375983,1
-0.4054528036348621,-1.1046806819837534,1.5959776953417875,-0.7405665037591802,0
-1.5927485332327445,-1.7339852746814755,2.556280530290428,-0.16928088740785127,1
0.04500925218314588,0.5645472824860223,-1.4991960974635632,-2.364541082507224,1
-0.20392423569068868,0.315909170654292,-1.345292049961338,-1.4750017707135095,1
1.1746361914278411,1.3459789170498522,-1.2561308528096191,-1.5728820396483703,0
1.1804020157392006,-0.7697765476417535,0.13023790249289785,0.6002170342500406,0
-1.3461189140608816,-0.3253610248106366,0.3670274038100817,0.3355070832001829,1
0.06903937972469516,-0.29155407004309847,-0.7164397467330885,0.7214914491744885,1
-1.2742218974954562,-1.7892778979081208,2.0736872781359867,1.0120568350777137,1
-1.5482743396115888,0.36662385739341286,-0.3777778153966384,-0.49001015385442653,1
-0.713882215334209,-1.4505105978312953,1.0031139275392513,0.4986424516627744,1
-0.6155819423185954,-0.613071569288121,-0.4288121602111737,0.44939287081982027,1
0.6044875764442206,0.3761371157448118,-1.4051284100667405,-0.455542588334563,1
1.0391393201108976,1.4981059589159598,-1.0864119320987577,-1.4066379252901335,0
0.9919228441953151,-0.16548212394799533,0.05182534211068474,0.7368828358216872,0
0.33124375603029077,1.175182743857296,-0.818334997637216,0.2388598390539468,0
-1.1232557414407192,-0.3373342858359079,-0.16816114168338392,0.5786709972293502,1
-0.5762758960984754,-0.006656659028022353,-0.6186750759887926,-0.1077248622459956,1
-1.1309552263443028,-1.482556153243968,1.4104210805374293,0.8304546590665655,1
-0.2657827411852457,0.00883004061378972,-0.8724889574122426,0.16621611222140578,1
-1.395409680429941,0.1370292806157352,-0.27199160362371955,0.06280389423487608,1
0.5017926202644613,1.0688350668664348,-0.31422735628011683,-0.5257155048763844,0
-0.18402475874878332,-0.4951003583902734,-0.5234526518180062,0.8587713827837128,1
0.4451891011102633,-0.45178525077671283,0.9657561390218814,1.170288668666623,0
0.9668204139617143,-1.080038109366892,0.5588597619512004,0.4777143552504374,0
0.824010789859632,1.2125039881589377,-1.1671750436216484,-1.0391584525721411,0
-1.0189786993218677,-0.45425120987352446,0.37896272659235686,0.9123294093166501,1
-0.25128028674356456,1.2484297276576908,-1.1542584227903527,-2.6926494548316704,0
0.5990030118553665,-1.3145680080084439,1.4640045181909325,0.14344085898286613,0
-0.6454657878347869,1.2956216156870806,0.2481305936845489,-1.958833080628389,0
0.9480463274844833,1.157926135684991,-0.9714403141693081,0.17729905317862152,0
-0.30713143614006083,0.17152547860909018,-1.1409538469164204,-0.9073819037337679,1
1.2616860755432413,-0.24084278697422856,0.07156540751540372,0.9855872681867688,0
0.6273047714324657,1.2174393100228118,-1.0486661885387518,-0.06892504746880113,0
0.562333775533734,0.8357006730277713,-0.34785963534393716,0.7830522350498138,0
-1.0437998698329631,1.8456887649427398,-0.0995273304640865,-3.0885027798284455,0
-0.3721797784624814,0.1669475421215655,-0.6851523135887305,-0.6082186693044557,1
-0.19566398921536024,-0.5937046855602285,1.6253253532729652,0.9092492277018224,0
-1.7177333224210514,-1.2596327701581478,2.1874950309375283,0.3552069155373645,1
-1.1849570930653264,0.44832896176741266,-0.44152339307872107,-1.4799053055871916,1
0.3995547111337732,1.0170652423495201,-0.5087879512063617,-1.1437989346338262,0
0.8844464727329652,-0.8888199146686496,0.28138062292694843,0.2887235519344787,0
-1.5173357701360024,-1.6987743059354212,2.0136455300668357,0.8593855148212906,1
0.7349217727560682,0.2778901739512061,-0.13491795870644277,0.935723555306237,0
0.6729391614089557,-1.0994049930947845,1.048276458679065,0.6519279039567751,0
-0.8273705133651104,-0.10737126175356508,-0.2467676795869151,0.03880989834812027,1
-1.1990552366559062,-1.6237574136045339,2.3912398909760606,0.14836343671042676,1
1.2051528713196697,1.4812067361200043,-1.1589595250717077,-1.5038993014739472,0
-0.4710179606973863,-0.31409198316028636,-0.29662903091959775,0.43954295465122944,1
0.2297441536711791,1.4308494347572331,-0.6014681288036386,-1.3734081452723648,0
1.289284685814077,1.4255567275170093,-1.1886723171606604,-1.5002335521023598,0
1.019802714188656,0.599043480479377,-0.8846068472734054,0.12127497706843456,0
-1.3770574835364682,0.5060892459259952,-0.4843467835202877,-1.7674047920159974,1
-0.1034396293551682,-0.4391082809270581,-0.10871730079758977,0.6907086758800911,1
0.34449812045335443,0.2965422869263996,0.4460333071986794,0.7824381030122362,0
-0.33721216346200605,-0.5535583949503003,1.308160695475527,0.35766820440114483,0
0.37666720121490177,-1.1219372901560583,1.4982130245974916,-0.18775245566987753,0
-1.155073247549135,-1.290265802416677,1.0416355811845295,0.7288800764792991,1
0.6321565016456826,0.28105558728458746,-0.17754508953820525,0.7491940408540585,0
-0.7961155267017053,1.7122138360518255,0.39733353890541895,-1.7821630037717404,0
-0.2765303783314807,1.0726982326012604,-1.0240424537737902,-0.653778697208474,0
0.37705393333334664,-0.1728765975681792,-0.8369111979140267,0.9418791578224225,1
-0.5498726396482875,-0.18555526925295943,-0.696106338321985,0.326890191820217,1
1.5180894700721643,-0.1841461497690671,0.06471914205711968,1.1148739638805438,0
-0.4321584142867434,-1.4709326193369816,1.0240406789567393,0.8464601777513417,1
-0.2234004167502235,-0.5165775176737535,-0.5259948983915155,0.8249131885879575,1
-1.8966145059344424,0.87972714772378,-0.34825215456354547,-2.7634412641245394,1
-2.6257100215988887,1.2096959602019057,-0.2590863932348542,-1.6270589589323547,1
-1.5317503309144007,-2.499930209603493,3.2699808834316775,-0.060308156088835246,1
1.249732537336765,0.28915632248184303,-0.14332745477770165,0.7374969678592649,0
-0.2540014745588036,-0.43699460170121956,-0.2868521074274709,1.119158606003179,1
1.8628084174677617,0.5317869563206504,-0.8197042507288728,0.7584298249850716,0
-0.8813372226208208,-1.4452178905910715,0.7923174140786858,0.34966544505875663,1
1.0808712314376263,-0.07532570634089242,-0.07567494160742491,1.2164199821869928,0
-1.0480539231358563,-0.3891015576001343,0.030122680607924366,1.0822154694791262,1
-0.8015297763599329,-2.153062174329412,2.0230477346295457,0.07142078561484196,1
0.26321406064931363,0.5085398885066776,-1.515216358635948,-2.2469514598082423,1
-0.42685666851751786,1.163916595326659,0.1980843931844926,-1.638722706932861,0
-1.0154277953252377,-0.565879681258731,-0.051621728963987014,0.6260724691034079,1
0.5301646947721868,-0.3637459160656994,0.8711179295035351,1.0619348300986542,0
0.5811781769415911,-1.4917120262190173,1.5514085072083585,0.5109546088378395,0
0.5570601557367589,1.092779887081852,-0.30366836106380535,-1.0083566364238656,0
1.5526844159403201,-0.20351473533208503,-0.13237571213293328,1.1253475335136518,0
0.19571172724803396,1.1033482832110444,-0.6284652355941388,-0.2364069473291324,0
0.17960960813460375,-0.13308599049947503,-0.8337619158032159,0.832301815892768,1
-0.9551678997784704,-1.8706256169057711,1.7447926855200218,0.4143064125489095,1
0.005348115563362794,0.2993673332346862,-1.2387413385455777,-0.39827120529534216,1
-1.3668618185956498,-2.6647359231543812,3.782309748559933,-0.4179805590594632,1
0.15023203011892183,1.191384214251807,-0.6929798770960354,-0.24069158945176733,0
0.6941742704581083,0.805067640769242,-0.48982151379842875,0.11696653137845162,0
-0.30633336167745195,1.0899548407735653,-0.7473392248348105,-1.0373017743189994,0
-1.4374580089444882,-2.521407368886973,2.6984318220892654,-0.6728691582215476,1
1.53869174474568,-0.04857285816844342,-0.3089479294167042,1.330343855514387,0
-1.2405762031907557,-0.4352349041814796,0.308560296796336,0.9578846765071988,1
0.2782262983380357,0.11764537853658798,0.14997796789761683,0.4592427869884111,0
-0.43145526498048004,-1.2934482341013134,0.5651126844030997,1.036703048709804,1
1.2459355310829427,0.6458950014836724,-0.758293249568065,0.5620499182929554,0
-0.13999987753433002,0.015177885631807178,-1.0772151154997964,0.2388598390539468,1
0.47278771138109893,0.7251324449257351,-0.07665623965644561,-0.4216939155657466,0
-1.2815346502805947,-0.24894352217148408,0.2895961414768893,0.5189573681802276,1
1.5748687765529283,0.9054248581184351,-1.058456348144098,-0.0030843801843105445,0
0.6633060159131481,1.2973745058663186,-1.0341977475369115,-0.882769015095965,0
-0.7141634750567143,-1.423383345931242,1.0048711356735442,0.9652685430985397,1
-1.4731779937026654,0.22787323961352954,-0.4671375542466477,-1.0692937688346738,1
-0.9979193775992807,-2.0146519235746236,1.6253253532729652,-0.34228521489291197,1
-0.667017314071758,-1.1508174322353495,1.1693184319815266,0.7122556650434755,1
0.13624639041734418,1.4741611387005427,-0.6323676069053606,-1.3703136815171284,0
-1.2356541580469125,-2.4034361579891255,2.419400862894469,-0.4789176914702714,1
0.21378266441900154,1.1512379236418786,-0.528537144965025,-0.3127211842467307,0
0.5179650543085178,1.2554753250771524,-1.112404919955376,-0.34166632214186476,0
-0.8337340145867935,-0.46516678036831377,0.2702440311148064,0.5959081124887108,1
1.040088571674353,0.8483793447125516,-0.5500526752119256,0.20130733120578617,0
-0.6806584106132667,1.7009476875211884,-0.21391701582958222,-2.7819128323865656,0
0.3960038071371434,0.23844163574272217,0.34728733840536274,0.5909831544044153,0
-0.6338286668161289,0.1342042343074486,-0.5007709743547111,-0.4179805590594632,1
0.10803955599659076,0.5029068142413591,-1.509556779190433,-2.346069514245198,1
-0.46609239980701167,0.2546431061372333,-1.1460429042404117,-1.0957633357256187,1
0.43365745248754467,-1.1391938983283632,1.5656715602464504,-0.4339765563173003,0
1.1966096072485704,0.18525928807166422,-0.09698508389057701,0.8378385256579063,0
1.2026215338171216,-0.8169684356711434,0.1961217970864512,0.6962501463586991,0
-1.10972011729515,1.4044369536098789,-0.6126275415006417,-2.0549042784448037,0
-0.6590365694456692,-0.2894403908172599,-0.102263554558914,1.3020176103703003,1
-0.8835521429355503,-0.4049490462885469,-0.004679168805019492,1.3371040686412108,1
-2.428125066538893,0.7765448840663002,-0.061594455648220775,-2.600910506272587,1
1.2194619597021286,1.5769860169816732,-1.205103354260542,-1.518705120364386,0
1.191265672520969,0.9413505976171882,-0.7252486082894141,0.616222552934817,0
-0.8238547668337937,1.5569213808523363,0.41826029032290724,-1.7778783616491054,0
-0.5101622825770659,-0.31409198316028636,-0.36408984865704247,0.6999444600111043,1
0.08898420979685452,0.6698398216990895,-0.03596660194937753,0.24193525995530482,0
-0.3089139196314383,-1.2659806151761654,0.7807928672239076,1.2860216131124629,1
-2.358653915080076,1.1565136125308477,-0.30679701309470175,-1.2133529584246003,1
0.2875430266460248,-0.14504989143155622,0.9820046090428755,0.3527456266735842,0
-1.4407628106839259,-1.4392274309494035,2.0930393884980694,0.47155399202078224,1
1.3044375533640518,0.8392234717375023,-0.6010801737610026,0.9117152772790723,0
0.28132015528559434,0.5169980090802826,0.14783280472068785,0.6543891928205554,0
0.36460819061248567,1.1339813154695737,-0.21333051908865588,-0.4875345828502373,0
-1.074000132536973,0.20850635588563707,-0.4988152245221279,-0.8957181557332617,1
-0.09302247238287699,-0.07005001745192345,-0.6327555619479968,0.2708708764234996,1
1.7929856913558129,1.4322619579113764,-1.4043524999814683,-1.5229897624870208,0
-1.2835386258034454,-2.539378747811977,3.2688170183037695,0.2345466326504943,1
-0.9642033683639541,-1.5174097366136725,1.4012242639384678,0.8415328393103115,1
1.4538919384103224,-0.8947933559590628,0.28391374114651347,0.8126019835555863,0
-0.4979591263668658,-1.6656736127449547,1.2385341757647783,0.7122556650434755,1
1.0809063889029396,-0.9669852019816637,0.4759514872513806,0.4900255602828085,0
1.8331706742087621,0.6715927118783276,-0.8587964264956746,0.4327732200974662,0
0.5042888003016961,0.7677293781163456,-0.28782975413491385,0.8261462133765823,0
1.2390798253468753,-0.28134135745512984,-0.10558855748315396,1.1123983928763548,0
-0.7645792803157949,-0.3718449494278294,0.01604219464872018,0.5614343580413368,1
-1.4997570374794191,-1.731874999125888,2.0423998449916287,0.7307272333055017,1
-1.2681748134615913,-2.100934964436148,1.7385397630681223,-0.5657531051556733,1
0.33025934700152204,-1.1511748176116992,1.595019218177628,-0.4543048028324684,0
0.22454084880483047,0.29162398341378015,0.1335469307977352,0.3428957105049934,0
-0.913260201125176,-0.4031876469336814,0.07998631402909306,1.379569632789993,1
-0.9739419862557013,-1.1279277497977263,1.1399935949352102,0.602678323113821,1
1.0021536666014466,1.347391440203995,-1.1808447536533555,-1.2182564932982827,0
-0.30116873002294775,-0.38663559850332274,-0.41805895926469555,0.8476884418264972,1
0.13906250338892884,0.25287319760674043,-1.3355247112408528,-1.210258494669364,1
-0.09076887885630301,1.2663840882314399,-1.1503560514791307,-2.4279537859222216,0
1.5183355723293566,0.20146075846617534,-0.15232116550140076,0.9338763984800342,0
1.0572102572818651,1.4132354412085786,-1.2846797797706635,-1.8203439257978875,0
1.556657209520708,0.9733961530298609,-0.8435520754085623,0.14344085898286613,0
0.9604217552747178,-0.9518558877162012,0.8961524401959937,0.7461138592392308,0
1.140392820212817,-0.9500859791857085,0.6026530399993572,1.1708599542829743,0
0.34175583815892746,0.9790292272951794,-0.9450365503851925,0.05723385947545061,0
1.1910195702637767,-1.1360284849949818,0.4659787605671469,0.29364612966203923,0
0.021822903809112608,-0.32500193759916157,-0.02542335314362011,0.28193953524030657,0
1.4511496561158954,-0.7736567317278338,0.3382730888852887,1.1203963915052737,0
-2.121235551820263,0.7557654771842645,-0.104023044781693,-2.604004970027823,1
0.028066869648730973,1.512554539131233,-0.6257267294108251,-1.5107071217354675,0
0.23058793283869514,0.3275327045612784,-1.4364158432110987,-1.398021033910168,1
0.25178788442253447,1.1730724683017084,-0.814021850398497,0.16560198018382807,0
0.5615954687621575,0.9733961530298609,-0.41786269965489137,-0.32933607425561523,0
0.22756439082176277,0.7684441488690446,0.0449790766524007,0.8809325039846749,0
0.6554659011483119,1.4614824670157625,-0.9954935268127458,-0.9745079636550492,0
1.2350718743011742,-0.693721535884327,0.25360760605117616,1.0926890391122341,0
1.7995952948346883,1.395638466011179,-1.2886049719667463,-1.2662920922064902,0
-2.0918439108184557,0.9107175653586589,-0.2839200801405365,-3.051559643304393,1
0.9815513919279308,0.8843050842113047,-0.6114408554878725,0.6556222176091804,0
1.0944771705138217,1.1540459515989105,-0.9495322647027992,0.3367401079888078,0
1.161311512074151,1.4058494767640222,-1.2322830281299295,-1.6227267096750237,0
-1.4439269825621106,-2.645369039426489,3.708780857537963,-0.6371638071995896,1
1.6867749886447372,0.575813431016659,-0.9684964200222459,0.2985734681030695,0
-0.451118835330134,-0.6401818028369195,0.2393445530130844,1.088404396989599,1
0.9569060087434014,1.0131850582634396,-1.1155542020661868,-0.02893505432420818,0
-0.06237570986938976,0.457484834742462,0.16054403758823518,0.4592427869884111,0
-1.8474292119613225,0.21027626441612984,-0.06355705174626218,-0.06773486910140256,1
0.023232718168170567,1.3998590171223542,-0.6949424731940768,-1.5414613307490472,0
-0.7936896615950968,-1.398383387938031,1.0828957410131212,0.6174555777234421,1
1.7204558404147505,0.20745121810784325,-0.5721432917573221,1.2946385044924287,0
1.1183139319961486,1.3618230020680135,-1.2396998157097374,-1.5291786899974935,0
-1.0900319367197768,-0.5003760472792423,0.579969080447576,0.9197180366214606,1
0.8583244760052825,0.06201238828484763,-0.0017580955428182716,0.5318850856069113,0
0.19518436526833652,0.308165820833386,-1.2580934489076603,-0.37303942390649186,1
-0.9805164322692634,-0.3729017890407488,-0.004291213762383389,1.2047562341864866,1
1.0636792308994878,1.2723745478731077,-1.1376448186115833,-0.043693266079950804,0
0.5928504554255624,-0.08625148784643454,-0.04457007554195448,0.9578846765071988,0
0.29299243376956563,-1.0733498973237798,1.5373280212491545,-0.2763969404737255,0
1.2749404399663051,0.7205545084382103,-0.8632921408132811,0.4561673660870531,0
0.23044730297744243,0.34514669810993287,-1.3482359441084002,-1.2915238735953407,1
-0.17628065902171747,1.102990897834695,-0.19299482858906622,-1.2669109849575377,0
0.22306423526167748,-0.1788636535395962,0.9360433469329286,0.27825474301484054,0
1.228427113356986,-0.932471985637054,0.5029257731570198,0.6771692067725646,0
0.866867740076382,1.2040628859365874,-0.9712349262055594,0.05542478835700472,0
-0.7219332748909241,-2.0481100021414393,1.8853921571483145,-0.037551945704174056,1
-0.34279868470026814,0.07715872090156493,-0.9892177834759855,0.052949217352815686,1
-0.8791926172367176,1.662571305441753,0.2968303619778093,-1.9311257282353493,0
-0.7933029294766519,-1.3117599800514121,1.030681556451275,1.1265377118810502,1
-0.9253192117275921,-0.11970956641325053,-0.4356561435809716,0.1631359306065782,1
-2.5528285960046944,1.1797606803448206,-0.3230266330648007,-1.2238265280577083,1
1.060550216486616,-0.1982322391026142,0.07743037492466705,0.8563100939199325,0
-0.7027724562952483,-0.6982994723718516,0.05748492155619953,0.9751184592671306,1
-0.8777511611588779,-0.15069147487250206,-0.37406257534127624,0.2160798251019376,1
0.2647609891230929,0.4331826291506953,-0.6131980636221653,-0.284394939102644,0
1.4560013863291121,0.9783314748937352,-0.7522228941950532,0.3712124342221409,0
1.4560365437944256,-1.142716697038094,0.47964847059885396,0.42969303848263857,0
-0.06162334011168801,0.24266218685389732,-1.3376698744177817,-1.3604590046350677,1
-0.8919547771453972,0.3338805495792959,-0.45364584711685596,-0.009844593311134598,1
1.2057857056953067,-0.16266388498021062,-0.12963948803810577,0.8716967198536617,0
-0.9583320716566553,-0.07110515522971723,-0.4747642939671761,-0.008606807809040082,1
1.1490063992145427,1.343511256117915,-1.2006076399429355,-1.1320875794986243,0
1.2776124073301058,-0.946920565852327,0.5647247293604636,1.3253927135060086,0
-0.6381530350496484,-0.27782026058052445,-0.13491795870644277,1.394946737296783,1
-1.9604253054778393,-1.203642394530058,2.0705608169100373,0.13666636371563332,1
-1.229396129221169,-0.26760754799255587,-0.20609401649924966,0.5823648348104086,1
0.6835215584682188,0.18386378326877564,-0.2631918704213385,0.522651205761286,0
0.38162440382405827,0.48001713180373573,0.005088169915465718,0.5885209133979411,0
0.7808725799203767,0.16766231287426453,-0.19221207223833572,0.792288019180827,0
-0.6669469991411316,1.8069549974869548,-0.1511481720195481,-3.044180537426522,0
-0.9586836463097871,-0.5341915112224078,0.37542548943891013,0.7227244739631136,1
1.0570696274206126,0.8402786095152961,-0.46264183992904123,0.32627129906916974,0
0.7032800539742183,0.8434440228486775,-0.31559615295407645,0.7633524027126322,0
-1.1330646742630928,1.6284154744734929,0.1724565394856494,-1.337083901499359,0
-0.9010957181268203,-2.170318782501717,1.8574137523087941,-0.12248307400173822,1
1.298777201448632,-0.28204591719707606,-0.08955460377985273,1.0126709671152914,0
0.4363294198513453,-0.3507166663450716,0.8738564356868486,1.1647186339071975,0
0.6260742601465047,0.3145136658514035,-0.164836138759144,0.36012949326492516,0
0.9620741561444368,0.807535301701179,-0.45364584711685596,0.963421386272337,0
-0.026237351273985954,0.6219501812682553,0.15506702522160795,0.3570540723635672,0
0.010839711645279386,0.34198128477655143,-1.4080723042138028,-1.5174673348622914,1
-1.5482391821462758,0.32858784233907223,-0.38032006197014784,-1.2687676632106795,1
0.5581851946267803,0.10074615574063261,0.13336436371884758,0.5300384048520557,0
-1.0000991404486972,1.7146814969837625,0.39480042068585386,-2.0419551378075074,0
-0.07345031144303721,0.8931035718100044,-0.3807102991012701,-0.013557949817418249,0
1.7167291490915548,1.3801347480181123,-1.1779236803911546,-1.052059986074742,0
1.0583704536371996,0.7568206149620582,-0.7148879265625442,0.5398878449492994,0
-0.8628795533314085,1.588966936265009,0.12651809826056354,-1.0883842298477475,0
0.12207090040307546,-0.31937434324294717,1.198255313985207,0.2967263112768669,0
-0.9971459133623912,-0.07604047709359144,-0.4962729779486184,-0.06278372709302438,1
-0.3187685571587189,0.6965926698715386,0.00860258618405154,-0.0037032729353577492,0
-0.012251711572408338,0.2511203074275024,-1.3372819193751457,-1.3752648235255065,1
-1.564376458725019,-2.5126088812882736,2.6714575361836266,-1.0274470974369392,1
0.37322176961421155,1.0258637299482198,-0.24265992031194472,-0.4955801886138519,0
-0.699116079902679,-2.11186074594169,1.954402512967818,0.3102657803843933,1
1.0112242926522435,0.23527622240934076,-0.1012868206868655,0.6691664474301764,0
0.8995641828176268,-1.0715799887932869,0.5637434313114429,0.16067464174279789,0
-0.7742124258116025,0.15321373265899155,-0.807175584940213,-0.36813588903280964,1
0.22313455019230383,-0.9574889619815197,0.9639989308875885,0.246862598396335,0
1.6712002315110042,0.3571276173932688,-0.6642483830561033,1.030514121199331,0
-0.9742232459782066,-0.337686565706881,0.33300146448241,0.7812050782236113,1
1.1070987005612485,0.9181035298032154,-0.8267330832660444,0.00491361844460813,0
-0.16285785518233833,0.8251322768985787,-0.06451552891042195,0.10526945838365816,0
1.4242893526166363,-0.7328126887164614,0.2938864678307473,1.319251393130232,0
-0.1124504877149328,-0.2014010561062465,-0.4256834168967379,0.5522000973386338,1
0.5011597858888243,-0.32078296626749675,0.7901722509017568,0.387832084944495,0
0.8465115676600585,1.5224081645077265,-1.0719434910969177,-1.4128268528006063,0
-1.5438093415168168,0.5127774579691075,-0.5195434342413259,-1.8689508103224464,1
-1.1628430473833447,0.014122747854013391,-0.40554398600695235,-0.4561614810856101,1
-1.546200049158112,-1.653692693461619,1.932311896422421,0.7756636077450033,1
-0.5180938067517162,1.2808326684467126,0.08603384851724395,-1.765548113762856,0
1.1565652542568736,1.4530413647934122,-1.2582760159865478,-1.8178683547936987,0
1.3458178900376487,-0.930719095457816,0.532843953209721,0.9061738068004644,0
-0.9726411600391142,-1.9079638795586675,1.8300515113605185,0.14036067736803856,1
-0.10465959340153508,1.285053219557888,-0.330457113175525,-0.335477394631392,0
0.6356019332463728,-0.7680236574625154,0.4106381147793509,0.5084923678313652,0
0.5926746680989967,0.45360465065638156,-1.4444487946821518,-0.7479456096370514,1
1.7051623430035232,0.31837683158622915,-0.7047098119145618,1.0631726156007486,0
1.4582163066438418,0.9793866126715289,-0.8621282756853729,-0.04002751670836309,0
0.3987109319662572,0.19230488549112595,-0.25673812418266273,0.47955675136317044,0
0.14713465742483187,1.2843554671564439,-0.46009959335553174,-0.24683290982754416,0
-1.0519212443203045,-1.5885464448584796,1.2649379395488936,0.2425493919928825,1
-0.9287998007935956,-0.053848547057412356,-0.3281106697941224,-0.28134808248210363,1
0.8292492521912938,1.381189885795906,-1.0402681029099232,-0.9308046140041726,0
-1.1399203799991602,-0.24330874607104017,0.24774263864191282,0.6531609287454,1
-0.4554361720705909,1.3072451495940671,-1.1730400110309118,-3.0226145054092592,0
-1.4343641519969295,-2.446747861932435,3.088714594981177,0.3256571670315921,1
0.5292506006740443,0.7244176741730362,-0.222324229812355,0.8206047428979746,0
-0.5634434212591696,0.07186601366134127,-0.8848122352371539,-0.1385266783942714,1
0.37076074704228984,-0.16829866108065455,-0.7584986375318136,0.8612326716474932,1
0.7389648812670823,1.042065200342731,-0.36272059556538566,-0.2887271883599749,0
-0.8193194538083952,-1.4920523932441119,0.9389872410799908,0.5768243164744946,1
1.1073448028184405,0.6469501392614662,-0.700419485560704,0.43646753374987146,0
-0.3224284492978195,0.2063960803300495,-0.9845395020794914,-0.7307118268771197,1
-0.004506521963917766,1.4192259008502466,-0.5592266709260262,-1.3623156828882097,0
0.1340877220471158,0.06448004921678471,-1.0173787553943938,0.49310098118416656,1
-0.6304183926807517,0.23597397481078508,-0.7121494203792307,-1.002834208799136,1
0.4612560627583804,0.8290124609846591,-0.30660146093232826,0.7374969678592649,0
-1.4272271865383568,0.0018014615455826798,-0.2663206137357743,-0.6125033114270906,1
-0.6209258770461967,-0.05032574834768149,1.2903604052839883,0.7516553297178388,0
-0.3543901010140192,-0.018977945336453063,-0.8216440259420533,0.22531560923295074,1
0.9243501958634092,-1.0201675496527218,0.7340556950286887,1.0206737264576793,0
1.285663466886821,-0.9078294130201926,0.5224832714828511,1.0674572577233838,0
1.3184302245586923,1.6016456079497892,-1.243237052863184,-1.519324013115433,0
0.13216109294795425,0.8008300713068122,-0.18145658920337152,0.33920139685258816,0
0.36109244408116914,1.2410267448618792,-0.8273264262724289,0.19946017437958355,0
-0.9951770953048538,-1.9086616319601115,1.7981707352097762,0.16929629383623335,1
-0.17538892507151432,0.28527613839576266,-1.3145979598233646,-1.5500782221290133,1
1.0438504204628618,1.1787055425670268,-1.0365482986775891,0.11019679682468841,0
1.0895902828352915,0.846269069156964,-0.5741058878553635,0.6839389413263279,0
-0.36537329317785233,-0.3373342858359079,-0.35861511837890137,1.045891225706121,1
0.4675492490494372,0.7110412500868115,-0.183998835776881,0.7935162832559823,0
1.1864490997730652,0.7687845158941394,-0.8638854838196657,0.08126118035649359,0
-0.5160265477913021,-1.4631892695160755,0.8288992925107834,0.7061000625272899,1
0.9132052793591353,1.303007580131637,-1.2795907224466723,-1.356174362512433,0
0.7550670003805126,1.5009310052242464,-1.0639105396258641,-1.3912608207833435,0
-0.8241360265562989,-1.4705752339606322,0.8455128966895529,0.28749052714585366,1
0.7996818238629209,1.5477655078772867,-1.120620438505317,-1.5470313655084726,0
1.1549128533871549,1.0381850162566506,-0.8902892476037811,-0.34166632214186476,0
-0.27652334683841806,1.0726982326012604,-1.0240424537737902,-0.653778697208474,0
-1.880125654702567,0.8152786515220852,-0.36428610826684665,-2.5818200452595126,1
-0.9084436283772722,-0.10350809601873945,-0.4554053373396349,-0.05231015745991668,1
-0.06472071280577797,1.3924560343265429,-0.5823214064053044,-1.4158737094211469,0
-0.7413401957437921,-1.951615950527072,1.8372857318614388,0.5885209133979411,1
0.3520569754956853,-0.31409198316028636,1.1135898311510946,0.4050706284178963,0
1.3482789126095702,0.24584461853853343,-0.11810353074089718,0.8587713827837128,0
1.281268783722675,-0.990589655171986,0.34454883222204913,0.5411194415238835,0
-0.5723031025180875,1.504794170959072,0.1689421232170636,-2.1404542994934155,0
0.3310328112384117,0.2930194882166687,-1.2344281913068587,-0.21055627318923478,1
-1.312191960033676,0.1546262558131348,-0.2352294402012204,0.13974654533046088,1
0.2864883026866298,0.240211544273215,-0.2549786339598838,0.49248684914658886,0
0.017881751947506665,-0.3736063487826949,-0.26710337008650475,0.7621193779240072,1
-0.22316837747915663,1.4357847566211073,-1.1560156309246457,-2.3633032970051295,0
-1.355084067715739,-0.4067087438082868,0.2919466926175668,0.8052133562507758,1
-0.11170163370376232,1.2329430280158784,-1.1589595250717077,-2.222338571170439,0
1.2176337715058438,-0.14435213903011196,-0.13550445544736908,1.0262294790766964,0
-0.48758767409948167,0.23350631387884802,-1.1481880674173408,-1.018830206056973,1
1.0726092270890322,-0.09821538877851574,-0.014263940446617149,1.337722961392258,0
0.9714963568483653,-0.017225055157214997,0.1740311805410547,0.8415328393103115,0
-0.06697430633235195,-0.48981786216080253,-0.05906133742865566,0.9714289063281949,1
0.047544105432225196,0.3197893547403724,-1.329842310910477,-1.3777403945296958,1
-0.8722665965700239,0.1697725884298521,-0.8357245119012575,-0.5798924241603688,1
-1.0266078692948248,-1.8755609387696452,1.823593200944871,0.2388598390539468,1
1.0678278118064415,1.2741444564036006,-1.2297270890255037,-1.3339894377441226,0
-0.325198857564497,-0.2654938687667173,-0.38559853263848487,0.3779821687759042,1
0.7239878010436734,0.2771754031985071,-0.16874763842431026,0.3558210475749422,0
-0.7080812335575365,-0.30880965711432806,1.2584796291332458,0.30841862355819066,0
-1.0893287874135136,-0.3873401582452689,-0.0956158307989202,0.754116618581619,1
0.9063144161577547,-0.7606206746667041,0.20022955636142167,0.6968690391097463,0
1.2431932487885158,1.5808662010677532,-1.3034613680112226,-1.7070865523562366,0
-0.8508557001943055,-1.369162878833645,0.9704572413032364,0.7805909461860335,1
-0.6503878329786303,-0.6468870332312865,-0.3443406548983792,0.49248684914658886,1
-1.35842402692049,-0.2602113725372465,0.29525572092240404,0.3693652773959383,1
0.2905314111976439,0.7205545084382103,-0.2027712956634958,0.786746548702219,0
-0.4049395046412899,0.1003887703642831,-0.9810022649260446,0.060328323230686945,1
-0.44008993846139377,-0.37677516578632725,-0.40652071987900085,0.660544795336741,1
0.13164779395438203,-0.20844495169058277,1.0625623326020175,0.34350984254257105,0
-0.47660448193564847,0.21238653997171741,-0.9960640489342694,-0.8495392350781961,1
-0.6690916045252349,0.07292115143913509,-0.41043221954416714,-0.16004510327683807,1
0.23645922954599394,1.1061563111680763,-0.7782387029365325,0.11943258095570154,0
-0.5160265477913021,-0.305288049689185,1.1106687578888934,-0.15637935390525037,0
-0.004176041789974003,0.619822887361413,0.09698787325049842,0.3250430349940144,0
-1.3311769913027858,-0.014059641823833636,-0.2676898668274311,-0.5897471010424292,1
0.18685204598911603,-1.5005105138177173,1.5826959403527168,-0.06892504746880113,0
1.1486899820267242,0.9008469216309105,-0.6556449094635264,0.7405771494740926,0
0.015628158420932688,-0.9099396885757802,0.08016888110798066,1.0735985780991606,1
0.01891186568118244,-0.1503425986717799,-0.8275089933513167,0.5466596742169894,1
0.13366583246335778,0.588832469726534,0.15780553140492157,0.45739563016220847,0
1.0373462893799261,1.5702978049385607,-1.2682487426707818,-1.875139737832919,0
0.003857439034084529,-0.8761412429838694,0.3961696737775107,0.0806565697458551,0
0.4580567334148822,0.9737535384062105,-0.5322523850203872,-0.6248335593133401,0
-1.6288200926440533,0.3243672912278971,-0.45794758391314444,-1.4405342051936458,1
-0.7369806700449593,-1.4452178905910715,1.015231817400414,0.6999444600111043,1
0.013796454478116697,1.4449406295961567,-0.6611219218301536,-1.432488599430031,0
1.3499664709446024,1.5696000525371165,-1.2412744567651426,-1.4756206634645566,0
-1.0831762309837096,-0.48348022815353786,0.3089482518389721,0.4703257279456269,1
0.8875051722152107,0.0697557381057537,0.17343783753467018,0.7165641107334584,0
-0.9824852503268008,-1.2480092362511614,1.01561977244305,0.9695817495019924,1
0.20970439844267422,0.945928534104713,-0.2150900093114349,-0.8944803702311672,0
-0.5344385123758073,-0.3531809236067577,-0.5156319345761596,0.5509688816211274,1
1.7529061808988031,-0.05737134576714323,-0.2993666242675169,1.4675952248427935,0
1.209195979830684,-0.9627646508704886,0.3490445465396556,0.5589716409635156,0
1.206910744585328,-0.880719179471394,0.4139471430841883,1.0668383649723365,0
0.5093163178414789,-1.1913211082216273,1.6566127864173232,-0.1310999653817041,0
-1.6641533452837856,0.7462522188328655,-0.27277435997445004,-2.090609629466762,1
-1.1156968863983885,-2.5013427327576365,2.582273518147047,-0.3589001049017964,1
-1.3671079208528418,-0.4412202583177712,0.26905734510203716,0.8913965521908433,1
1.0393151074374636,-0.9874242418386047,0.5981573256817507,0.7214914491744885,0
-0.35204509807763096,0.20006525366328679,-0.7277817265089791,-0.7996469579168467,1
-1.9784962426488069,0.8107007150345604,-0.32028903971688155,-2.5547315856175206,1
-0.5596464150053476,-0.37395862865366797,-0.016431924508407057,0.7461138592392308,1
-1.4415011174555021,-1.3807693943893768,2.0277260160260395,1.0083570925796109e-05,1
-0.09147202816256636,0.9800843650729733,-0.08329711715098113,0.1335909428142753,0
1.786868292391322,1.4600699438616191,-1.3093263354204858,-1.5156106566091496,0
0.1795041357386642,0.07574619774742168,0.8169639697285084,0.9443404466862028,0
-0.35809921360455815,-0.3609293789330401,-0.3042550860135803,0.9129435413542277,1
-0.9707778143775163,1.6417918985597173,0.2821565330122206,-1.0089755291749127,0
0.3653816548493754,1.2417415156145784,-0.6814553302412572,-0.27763472597581995,0
-0.6195547358989834,1.5308662850813315,0.13178972266344227,-1.5088504434823253,0
-0.5957179744166564,-0.5338341258460584,0.20766916482609032,0.9172519870442105,1
-1.634621074420726,0.26837691559980725,-0.41805895926469555,-1.3013785504774014,1
0.4947259697365147,0.7142066634201929,-0.25478465643856574,-0.40812588217740264,0
-1.2639559176240114,-1.4501532124549457,2.096553804766655,0.12496929072083986,1
0.505941201171415,-1.1332034386866952,1.6370552880914917,-0.33919075113767566,0
-1.6671065723700915,0.5159428713024888,-0.42118770257913135,-1.983493576400888,1
1.192320396480364,-0.025683175730820067,0.05650362350717882,1.010209678251511,0
1.1981916931876626,1.4234464519614218,-1.242849097820548,-1.5765477890199582,0
1.2860501990052657,-0.39649603122031823,-0.25537115317949205,0.6820917845001252,0
0.3803587350727842,0.055681561618084914,-1.0205052166203437,0.49371987393521377,1
1.5949788467120596,0.3423216518016462,-0.6353115010524227,0.9603459653709792,0
0.8738289182083889,0.904727105716991,-0.5862237777165262,0.7024057488748846,0
-1.4972960149074976,-2.6112132084582287,3.706042351354649,-0.7725584982748545,1
-1.172581665275092,-1.859359468375134,1.7608357675772672,0.08188007310754084,1
-0.6698650687621246,-1.9664219161186944,1.8511608298568947,0.3835236392545121,1
1.060761161278495,-0.10245295824094566,0.13101381257817007,1.4060391996809378,0
0.612398006139683,0.2877437993276997,-0.22838545683142247,0.6845530733639056,0
0.022807312837881278,1.2438517911701659,-0.5164146909268901,-0.34166632214186476,0
-0.9760514341744913,0.240211544273215,-0.8237891891189822,-0.6235957738112454,1
-1.1029347264897091,-0.2901449505592061,0.10089024456172034,1.0126709671152914,1
0.5904949052495803,0.14477263043664118,-0.0058658548177886955,0.4623229686032387,0
1.2817258307717463,0.9174057774017711,-0.874063598467648,-0.026459483320019045,0
-0.35134194877136765,0.1634247434118347,-1.140383324794897,-0.9264723647468417,1
1.158147340195966,-0.18203247054322858,0.1712926743577411,1.0372743343261552,0
-0.6285198895538406,0.04300288993330469,-0.41747246252376924,-0.11572286087491417,1
-2.1089655964259677,1.2287054585534485,-0.3973307495454976,-2.2956059514674974,1
1.5866113699675257,1.0536887342497174,-1.005260865533231,-0.26716115634271226,0
1.7330773704621771,1.290328908446857,-1.436621231174847,-1.316755654984191,0
-0.46524510489296433,-1.297311399836139,0.6933888782064815,0.7024057488748846,1
0.942280503173124,-0.9018389533785246,0.3242154238109455,0.4530871844722255,0
-1.5926079033714917,-2.499232457202049,3.2557178303935856,0.09419127813991197,1
0.1037222192561339,0.16378212878818418,0.6824348534732271,0.8359913688317037,0
1.2695261903080777,1.5386096349022376,-1.1972757907532372,-1.4405342051936458,0
-0.18707537201400679,0.9001491692294662,-0.12983574764790992,0.1889913654599454,0
1.2194971171674416,-0.26373417124697734,0.20609452377068502,1.5790435271659988,0
-0.8270540961772919,-1.7924433112415024,1.4436711097798287,0.232085343786714,1
-0.239593945273468,-0.521870224913977,0.006457423007122526,0.898785179495654,1
0.35490473018605173,0.6483456440643548,-0.28724325739398754,0.5368100436912068,0
-0.48233163303516324,0.008489673588694947,-0.8503983408668462,0.030764292584505765,1
-0.8181944149183739,-1.85866171597369,1.7486950568312434,0.4912538243579639,1
0.9187953163439289,-0.8546470653491346,0.13062585753553396,0.3712124342221409,0
-0.1681613588248295,-0.499678294877798,0.011158525288477602,0.9178708797952578,1
1.202691848747748,-0.08061841358111609,0.10362875074503396,0.9769656160933332,0
0.6952289944175033,-0.49017014203177567,0.9098449711125617,0.4758671984242348,0
-0.45299624397785715,0.22928576276767285,-1.0578630051377134,-0.9264723647468417,1
-1.4881902313913875,0.003196966348471238,-0.316964949628036,-0.6451618058285081,1
-0.9452886520254706,0.2542857207608838,-0.5885743288572038,-0.7178102933745188,1
0.7246909503499367,-1.0708822363918427,1.0570853202353903,0.5866737565717385,0
0.7842125391251276,0.9388829366852511,-0.29252264089771896,-0.6550164827105684,0
-0.49359256917497046,0.02433375860685649,-0.8486411327325534,-0.05726129946829485,1
0.2846952719556583,0.0028565993233764667,-1.064503882632249,0.5805176779842061,1
0.08527509720631544,0.005307241904058812,-1.018565441407163,0.45185892039707015,1
1.3800261037873596,1.3618230020680135,-1.3767848710694446,-1.2349189904418632,0
0.7685674670607684,0.836058058404121,-0.4008520120795417,0.7633524027126322,0
1.3705687456181181,1.5354442215688562,-1.3535075685112787,-1.5580762207579317,0
1.7263271371220494,1.4058494767640222,-1.2408865017225064,-1.2114962801714586,0
-1.0353972356231163,0.29232173581522436,-0.6321622189416121,-0.8285920958119807,1
-1.5341761960210092,0.2785879263526504,-0.39654799319476713,-1.2884770169748,1
1.2526506069577577,0.9793866126715289,-0.7841036703457958,-0.0073690223069454615,0
0.7515864113145091,-1.140249036106157,1.1413628480268667,0.5509688816211274,0
-0.6241252063896949,0.15884680692430994,-0.862516230728009,-0.34842653526868883,1
-0.21622126233327493,-0.4514329709057397,1.4614485790865064,0.8550770691313077,0
0.2679251610012779,1.0466431368302558,-0.3537268848416866,-0.4924857248586156,0
0.11845671296888197,0.2718997143095382,-1.1374394306478348,-0.11510396812386686,1
1.2310990807207867,1.4928302700269909,-1.2533923466263053,-1.8615717044445752,0
-1.0698867090953326,-0.45248981051865905,0.4579458090960936,0.5503533213695089,1
-1.5166326208297392,0.09230505351828223,-0.15349415898325344,0.03200207808660028,1
0.1524856236454958,0.6758302813407574,0.11928387775964344,0.39460658021172784,0
0.0815695003623077,-0.25845167501750654,0.1929953358605015,0.7799720534349862,0
-0.7498834598148914,-1.400493663493619,0.7540011483971562,0.6303809147933909,1
0.5391650058923573,-0.10914117028405788,0.6534979714695467,0.9800457977081609,0
0.9092676432440607,1.1653291184808023,-0.9708469711629232,0.08926393969888177,0
-1.4859753110766578,-1.7688558764024347,2.5124644313574103,0.09480541017748965,1
0.2529129233125558,0.36521133423926955,-1.368569352519504,-1.3130899056126033,1
1.450833238928077,-0.8328125206893051,0.302101986380688,1.1265377118810502,0
1.9629720361449727,0.18420415029387038,-0.6116462434516209,1.2422706563268904,0
-0.9052091415684608,-0.29190634991407155,-0.538322740393399,0.1545190392266123,1
1.3145277459089304,-0.06863749429778015,-0.4192319527465482,1.0034399436977477,0
0.29801995130934844,0.22612034943429146,0.6830281964796117,0.9240264823114434,0
-0.16051109437268446,0.8793697623474306,-0.7776453599301478,-0.9504663606335974,0
0.9473783356435331,0.6592714255698968,-0.48082552098624354,0.2579407786400812,0
-0.023653277573468228,0.18103873696048906,0.6775511841129844,0.890168288115688,0
0.08288438956502016,-0.9627646508704886,0.05924212969049244,1.299542039366111,1
-0.08429287374561775,0.5279237905858248,-1.4843397014190869,-2.4931755604556654,1
0.46508822647751547,0.7628110746037263,-0.31716052461129435,0.5731304788934364,0
-0.880739545710497,-1.937541774039403,1.900636508235427,0.4881784034566059,1
1.007989805843432,-1.0176998887207847,0.6877064778761058,1.0588403663434178,0
-1.0999111844727767,-1.4874744567565874,1.1098700269187602,0.2530182009125206,1
-0.043506698235813324,0.8022425944609555,-0.38501203589755856,0.28072079259209043,0
-1.8079122209493232,-2.490774336628444,3.5059944746635896,-0.9818870695329207,1
-2.0401272793427876,-1.1965967971105962,2.0492461104499125,0.017243866330857553,1
-0.7637003436829658,0.23879902111907167,-0.8269384712297928,-0.5084817221164527,1
0.0038468917944905878,-0.8761412429838694,0.3961696737775107,0.08064704831891589,0
1.0784805237963309,1.3428135037164706,-1.2170386770428172,-1.0994766922319026,0
-0.43014037577776765,-1.0772130630586054,0.19867773619087725,0.786746548702219,1
1.5075422304782145,0.8681036138167936,-0.7645461720199643,0.3829095072169344,0
-2.652605482563461,1.2607510139661215,-0.271012587663185,-1.6116342472908687,1
0.1480733617486934,-0.9669852019816637,0.750669299207458,0.40876494207030156,0
0.6732555785967742,1.3016120753287488,-1.0115137879851304,-0.7713683199074558,0
-0.437228120784902,-0.02532579035447056,-0.6497799420542631,-0.0018465946822159237,1
0.6620755046271873,0.4546597884341753,-1.4473698679443532,-0.8304487740651224,1
-0.8842552922418137,-1.4642444072938692,1.7486950568312434,0.5971392329919479,1
1.2952614549173156,-0.8768389953853136,0.28078727992056374,0.6531609287454,0
1.5532117779200176,0.6145471984724441,-0.8742461655465356,0.30841862355819066,0
-1.4420987943658263,-0.281693637326103,-0.1462599384823333,0.3909122665593226,1
-1.0915085502629298,-1.9118270452934931,1.9262415410494096,0.4161535693751121,1
1.0643120652751248,0.8209117257874036,-0.49568648120769215,0.777510764571206,0
-2.1606119129710093,1.0621468548233224,-0.27902956451483557,-1.837577708557819,1
-1.3056175140201136,-0.3450818902446276,-0.08622960085561279,0.5712837981385807,1
-0.41085299030696454,-0.869793397965852,0.5596356720364725,1.113017285627402,1
1.6642742108443105,1.5558662430745425,-1.3022746819984534,-1.402972175918546,0
-1.0805745785505352,-1.3061269057860936,1.0631556756084022,0.5718993583901991,1
1.6759816467935948,-0.2971888461435424,-0.2811815739572229,1.0939268246143288,0
1.144365613793205,0.15251598025754723,-0.15799215538934602,0.7122556650434755,0
1.0862503236305407,0.892746186433655,-0.6063517981638814,0.6506948791681502,0
0.26933145961380456,1.1797606803448206,-0.6585659827257276,-0.30534207836885946,0
1.1706985553127667,0.7318206569688473,-0.7753176296743313,0.5337317663617669,0
-0.7150072542242302,-1.3850069638518065,0.9125834772958754,0.8347631047565482,1
-1.7559846446817766,-2.5823330663789372,3.6411169339252556,-0.9831248550350149,1
0.30477018464947636,1.1903290764740133,-0.7455820167005176,0.29364612966203923,0
1.0966217758979249,-0.1535080120051613,-0.15173466876047442,0.8513827554789023,0
1.0453973489366413,-1.0293234226277712,0.4900319732105848,0.5121857293410765,0
1.0019075643442543,1.4417581979115204,-1.160123390199616,-1.2114962801714586,0
0.5567788960142537,-1.4797311069356813,1.6225868470896514,0.2628681170811114,0
0.4773933393371238,1.002616662134247,-0.36330709230631203,-0.8612505902133983,0
0.8129713457512977,0.9233962370434392,-0.49568648120769215,-0.34471317876240515,0
-0.9698637202793741,0.24301957223024684,-0.5105474414291407,-0.8298298813140753,1
-0.42338311094457703,1.1456048493765603,0.1114563142523387,-1.5113260144865146,0
-0.12127501150853756,-0.8923256950271258,0.004882781951717219,1.1955204500554732,1
0.32312238154294926,1.1061563111680763,-0.7880060416570177,-0.3872263500458832,0
-1.4114063271474315,-2.4594265336172154,3.150901506227257,0.1914574150371953,1
-0.37442985624252406,0.22612034943429146,-1.0639105396258641,-0.7817942824058676,1
1.5542665018794126,-0.2735946039639729,-0.26143238019855947,0.7097943761796951,0
-0.7661262087895744,-0.676464927712022,0.05260125219595695,0.8883211312894854,1
0.4928977815402301,1.18891655331987,-0.8425707773595414,0.18961025821099267,0
1.1228140875562338,0.8695161369709369,-0.7313189636624259,0.4881784034566059,0
-0.8107761897372957,-1.4726855095162197,1.2144809631213402,0.9775845088443805,1
-0.8611568375310633,-1.7987911562595196,1.7803704450182374,0.9972795804680927,1
-1.060675453183283,-0.3595202594491478,0.030693202729448022,1.1241097480115572,1
0.10724148153398184,1.237520964503403,-0.7993480214329083,-1.4411054908099972,0
1.6007798284887318,-0.3817053821448249,-0.20687677284998016,1.0249821721476624,0
1.083789301058619,0.19196451846603121,-0.14254469842697118,0.8181434540341942,0
-0.27394982037749427,0.23527622240934076,-1.1204378714264294,-0.9209499371221121,1
-1.6089561247421142,0.10391156907401393,-0.12729350107440043,0.024004079457681606,1
1.0511983307133137,0.2176622288606864,-0.25713064340227104,0.47093985998320453,0
-0.2660147804563126,-0.3510689462160446,0.8108936143554965,0.6229922874885804,0
-0.6495088963458012,-0.05665657501444421,1.3069740094627575,1.0403687980813916,0
0.6131714703765727,1.3748590591291432,-1.0334218374516393,-0.876008801969141,0
1.1642295816951438,1.538967020278587,-1.2242728975437371,-1.8443379216846436,0
1.2608422963757255,-0.825783941621098,0.2317223774695282,0.9086350956642447,0
-0.22021163464631932,-0.5894841344490533,1.5236354903325862,0.5361944834395882,0
0.3844370010491116,0.7216096462160041,-0.1881043129633653,0.777510764571206,0
-0.8076120178591107,-1.4012084342463178,0.9726024044801654,0.7522694617554164,1
-0.6685642425455374,-0.054205932433761865,1.41140237858645,0.9227934575228185,0
0.5780140050634063,-1.3702180166114388,1.535753380193749,0.3859849281182924,0
0.2768551571908222,0.40854005653383385,-1.414713181708338,-0.831686559567217,1
-0.897439341734251,-0.11194919824108975,-0.26651687334557844,0.030145399833458455,1
0.04697807024068322,0.2116717692190184,0.6708874857335881,0.8575383579950879,0
-1.574466651269898,0.3056981599014489,-0.4458251298750095,-1.361077897386115,1
-1.6353242237269892,0.15146084247975347,-0.15310392185213123,0.20684404097092443,1
-0.26089936925324686,0.23069828592181613,-1.0087752818018167,-0.7731773910259018,1
0.032334985937749396,0.00813228821234544,-1.0594148253082578,0.39522071224930555,1
-0.3054403620584975,-1.0779278338113043,0.17188601736412576,0.9985126052567175,1
-0.36387206940898015,-0.3630413563237532,-0.4129744661176766,0.7491940408540585,1
1.618780450729073,-0.4056536060304931,-0.1654226355000703,1.0822154694791262,0
-0.4524794292377536,0.2581659048469641,-1.104394789369184,-1.1437989346338262,1
0.5297428051884286,-0.2464775630746725,0.7377754992610231,0.3995291579392885,0
-0.16149690970006564,0.7247750595493856,0.09796917129951911,0.20622990893334672,0
0.7662822318154127,0.7036382672910002,-0.41532045308138194,0.21977413875434287,0
1.1477407304632687,0.9057822434947848,-0.6925919220533993,0.09849972382989491,0
-0.13770057930284893,0.3148540328764982,-1.3216496132453972,-1.5328444393690814,1
0.7966231243806753,0.846269069156964,-0.5524032263526031,0.5854426360685013,0
1.2075787364262782,0.10496670685180776,0.03833819915786521,0.9794316656705833,0
-0.47247347976135134,-0.18379386989809401,-0.6833951054544376,0.45801452291325573,1
-0.3733997425088482,-1.6691964114546856,1.223677779720302,0.9037077572232145,1
-0.36828433130578253,-1.200119595820327,0.4761340543302683,0.5743620754680204,1
-0.4013253172070964,-1.1934313837772148,0.7322984868943959,1.2539820114620925,1
0.0693206394472005,-1.2564673568247664,1.5936499650859712,-0.8174996334278257,0
-2.547941708326164,0.8684439808418883,-0.15408065572417978,-3.0632233913048994,1
1.3785143327788936,-0.7208317694331254,0.08016888110798066,0.9825070865719411,0
-0.9948255206517221,0.2180196142370359,-0.5371360543806297,-0.7430420747633691,1
-0.7593759754494463,-1.7670859678719417,1.7706031062977523,1.1388679597672997,1
-0.399166648836868,-1.3931076990490623,0.7829380304008368,1.0760741491033496,1
0.7779545102993839,0.8790123769710809,-0.44308662369169594,0.7485799088164808,0
1.1741088294481437,1.4072449815669108,-1.188877705124409,-1.460814844574118,0
-0.34566050237675994,-1.0610115926640942,0.1452768656162618,0.9074020708756197,1
-0.8745518318153798,0.22892837739132335,-0.6186750759887926,-0.6796293713483716,1
-1.1980005126965112,-0.4236130721096187,0.2854883822019188,1.2053751269375337,1
0.03472920932557603,0.3521922955293947,-1.3978941895658203,-1.5857835731509708,1
1.3413880494081898,-1.1518725700131434,0.4751527562812475,0.2745604293624353,0
0.500491794047874,0.7075184513770807,-0.24950390368174266,-0.42783523594152345,0
-0.4239913350944948,-0.6215296898617261,-0.387554282471068,0.4906396923203862,1
0.8762547833149974,0.6684272985449462,-0.8179242217097189,0.23269947582429168,0
1.2156649534483064,1.4097126424988478,-1.247527379217042,-1.6430549561901917,0
-0.45543968781712224,1.3072451495940671,-1.1730400110309118,-3.0226145054092592,0
1.237919628991541,0.13456161968379812,-0.12475125450089097,0.8907824201532657,0
-0.29736820802259445,-0.4313598256007756,1.440544648553879,0.8938626017680933,0
1.2640064682539103,-1.1388365129520135,0.4554126908765285,0.3151931188254235,0
1.1103331873700597,0.4113480844908657,-0.1812603295935674,0.7104085082172727,0
-0.028206169331523274,-0.4824233885406186,-0.55377247944426,0.7024057488748846,1
0.4300362335602885,-0.379945684625085,0.6474276160965348,0.0775716274175579,0
0.12427878922474234,0.13808441839352895,0.6703169636120644,0.8101359339783365,0
0.12643745759497077,1.4223913141836282,-0.6491865990478785,-1.3586499335166222,0
0.3449200100371125,0.2627438413344888,-1.228768611861344,-0.1292908942632582,1
0.3722373605854428,1.028331390880157,-0.32185341137409945,-0.48324994072760236,0
-0.5937843138244323,1.6379117144736368,-0.27336085671537635,-2.6969817040890014,0
-1.444876234125566,-1.4335943566840852,2.0926514334554334,0.31642138290057886,1
-1.2782650060064702,-1.5311435460762466,2.290348759005815,0.5097234883346023,1
0.41358253979372656,1.1681371464378343,-0.5973603695286683,-0.11020043325018464,0
-1.0295259389158176,-0.362336796581807,-0.14880218505584278,0.7485799088164808,1
-1.070835960658788,-1.5050884503052417,1.700588631544368,1.277404721732497,1
-0.32632389645451837,0.17435052491737685,-0.7164397467330885,-0.5011026162385814,1
-0.3931582380148478,-1.001855803702623,0.1126430002651079,0.8359913688317037,1
0.5707364097435808,-0.6680068071384169,0.27473974543241286,0.5201884886834648,0
-0.3066603261048643,0.1972402073550001,-1.103413491320163,-0.7756529620300908,1
0.9707580500767888,-1.0596160878612058,0.532843953209721,0.4075319172816767,0
0.12920435011511694,0.8388660863611528,-0.11673427764924037,0.4678644390818466,0
0.7580905423974449,1.5093721074465967,-1.0846547239644648,-1.4349641704342202,0
1.6498244926005992,-0.26514158889574424,-0.2678838443487491,1.1111606073742604,0
0.7230033920149047,1.148412877333592,-0.9921616776230477,-0.07325729672613208,0
1.6415273307866918,1.0801012153970717,-1.0508113517156807,-0.19760713255193793,0
0.41182466652806826,0.3951466140963547,-1.3449040949187019,-0.5897471010424292,1
0.39807809759062024,0.40254959689216596,-1.4276298025396341,-0.7178102933745188,1
0.8660591183741791,0.8427462704472332,-0.37054359489571825,0.8889352633270631,0
1.171858751668101,1.3847126845056368,-1.2833105266790066,-1.7907798951517062,0
-0.6742949093915835,-0.6824553873536899,-0.3326084379913664,0.45801452291325573,1
0.01159208140298116,0.705748542846588,0.07507982378398953,0.329965612721575,0
-0.6930689958688144,-0.58807161129491,0.2469667285566407,0.786746548702219,1
0.5540014562545135,0.80682053094848,-0.19846955886720738,-0.5041970799938178,0
0.44515394364495003,-1.4156399961103359,1.5510205521657225,0.12189386981948186,0
-0.839113106779708,-1.4416950918813407,0.7976118593664255,0.539272284697681,1
0.21909144168128966,0.35394518570863276,0.4665492826886706,0.951110181239966,0
0.20748947812794474,-0.2119660485651882,1.0578612303206625,0.27209914049865497,0
-0.4877283039607343,-0.6972443345940578,-0.3206801896833982,0.5971392329919479,1
-0.30144998974545306,0.22259755072456056,-1.0860239770561217,-0.9658910722750831,1
-1.2219779040400907,-2.581992699353842,2.765707790659337,-0.7011477962309384,1
1.4271722647723157,0.22259755072456056,-0.7893752947486745,0.6907086758800911,0
1.2964919662032763,-0.19400658248606262,-0.11888400500314156,0.908020963626667,0
-0.5829909719732902,-0.10032566433410331,1.4485547791400715,0.8476884418264972,0
-1.726346901422777,-2.5224625066647666,3.2639333489435267,-0.2505462663338278,1
-1.3700611479391478,-1.718838942064758,2.0488581554072764,1.0169794128052743,1
0.7498988529794771,0.9702307396964797,-0.37406257534127624,-0.24440494595805098,0
0.9306785396197791,0.17118511158399544,-0.17265685600099046,0.9295631920765818,0
-1.8813210085232148,-1.1705417013395916,2.0656771475497946,0.2967263112768669,1
1.540625405337904,-0.8923256950271258,0.4716383400126617,1.0686950432254785,0
-1.591166447293652,-1.7353977978356188,2.5333911827748983,-0.13481332188798775,1
-1.2032038175628599,-1.9326064521755288,1.9199886185975101,0.2628681170811114,1
1.878594119393373,0.5965928378986949,-0.8574271734040179,0.5201884886834648,0
-0.7885566716593745,0.022563850076363724,1.462429877135527,0.9948182916043123,0
1.0400182567437268,-1.013836722985959,0.6697236206056797,1.2835460421082738,0
-0.32275892947176327,-0.34719556947046615,-0.2950646592623798,0.5072607712567812,1
-0.17768864519257918,-1.0025535561040673,0.10089024456172034,0.9862014002243464,1
0.29411747265958693,-0.2806367977131837,-0.7375718861143252,1.1807146311650345,1
1.2885463790425007,0.24654237093997775,-0.633942247960766,0.8372243936203286,0
0.8652153392066632,0.6360243577559241,-0.24598492323618465,-0.0006088091801214087,0
-0.8066979237609684,-1.7019397192688026,1.308160695475527,-0.027078376071066355,1
1.1798394962941898,0.3099357293638788,-0.14821568831491644,0.7171830034845057,0
-0.8191788239471425,0.14758065839367307,-0.47378756009512757,-0.5706566400293558,1
1.061851042703203,-0.19893679884456034,0.1362854369810488,1.4719274741001245,0
0.8489725902319801,0.708216203778525,-0.3343679282141454,0.27025198367245234,0
-0.9807625345264556,-0.46657589985220604,0.3115041909433982,0.5706682378869621,1
0.03961258125757483,0.30500040750000457,-1.2393118606671012,-0.43645212732148936,1
-1.2017975189503332,-2.034733578055215,1.611632822356397,-0.400127883548484,1
0.46164279487682525,-1.422685593529798,1.5285191596928287,0.35027957709633434,0
-0.8236789795072279,-1.4424098626340398,0.9788781478169258,0.8113689587669614,1
-1.5219062406267139,-2.5425441611453583,3.5611525533724984,-0.5479004296446944,1
-0.3054860667634046,0.3796599144545426,0.40182925322302554,0.37244545901076587,0
1.5185465171212353,0.9998086341772152,-0.8677878551308876,-0.03202951807944452,0
-0.7395823224781336,-1.4392274309494035,0.779423614132251,0.10034688065609754,1
-0.986950248421573,-1.2103306065731703,0.9759342536698636,0.9862014002243464,1
-0.7139525302648353,1.5241610546869644,0.32615519902412604,-1.4011154976654043,0
1.6799192829086698,0.23350631387884802,-0.6220069251784909,1.1050192869984836,0
-0.23743527690323957,0.6828588604089646,-0.1951445559429674,0.2160798251019376,0
-0.38827838182938035,0.10146092649333162,-0.9632247956193671,0.12189386981948186,1
1.2239621152622138,-0.78140008154874,0.23758734487879155,0.9603459653709792,0
1.0487724656067052,1.1378444812043995,-1.000947718294512,0.267790694808672,0
1.142080378547849,-1.2437886851399864,0.564131386354079,-0.04678772983518714,0
1.0970436654816826,-0.18238475041420163,0.06257397888019066,0.9190991438704132,0
0.29647302283556903,-0.14047195494403153,-0.8437346424874498,0.7399582567230453,1
-1.0422529413591837,-0.362336796581807,0.011546480331113655,0.33119863751019996,1
-0.1354505015228063,1.2082834370477624,-0.5222796583361534,-0.6088375620555028,0
0.17753531768112693,1.1181372304514123,-0.6904467588764701,-0.4414032693298676,0
0.44965409920503546,0.49269580348851605,-1.4810078522293886,-0.9911228536639338,1
-1.038666879897241,-0.04363753630456922,-0.510939960648749,-0.15514156840315585,1
0.9565895915555828,0.9962858354674843,-0.3951810221915964,-0.6599200175842509,0
-1.1924807906423442,-0.01933533071280257,-0.1515406912391564,0.3287373486464196,1
1.149850178382059,0.11764537853658798,-0.00997361409275912,0.8187575860717718,0
-0.9447261325804599,-1.418107657042273,1.0682219120475325,0.45062589560844524,1
-0.919166655297788,-0.11970956641325053,-0.4305716504339527,0.15575206401523725,1
-1.160171080019544,-0.018977945336453063,1.2373703106368699,0.35951536122734745,0
-0.5078137638941462,-1.1888534472896901,0.7264335194851325,1.2096597690601687,1
1.1869413042874495,-0.837050090151735,0.26926273306578563,0.6457723014405895,0
0.6750837667930588,1.2758973465828385,-1.0500354416304087,-0.14281132051690631,0
1.5903380612907214,1.0751658935331976,-0.9080667169104587,0.05723385947545061,0
1.4653532721024145,-0.8976184022673495,0.48747603410615875,1.252744225959998,0
-1.1495183680296546,-2.109393085009753,1.7504522649655363,-0.3810374225354105,1
0.14225480123936435,0.24724012334142198,-1.2344281913068587,-0.24745180257859137,1
0.7025417472026418,-0.12357273214807617,0.5868153459058602,0.6094528183810538,0
-0.5165433625314055,0.13808441839352895,-1.0214865146693641,-0.07511397497927391,1
1.4281566738010847,0.9061396288711342,-1.0572696621313287,-0.16190178152997992,0
-0.357441769003202,0.16730492749791503,-0.7221221470634643,-0.526953290378479,1
-0.396913055310294,-0.22569985802776218,-0.3969405124143754,0.23331836857533894,1
-0.5792642806500945,-0.012289733293340833,1.269045698823864,0.8833937928484551,0
1.3139300689986069,-0.11688452010496395,-0.1568191619074934,1.00035976208292,0
-0.5012428336271155,1.3790796102403184,-0.0395038391028243,-1.9385524412479167,0
1.1890155947409262,-0.6870333238412147,0.2913533496111821,1.0754552563523023,0
1.3627989457839083,-0.8437383021948472,0.38539821612314384,1.1561017425272315,0
1.2786319738241878,0.9142403640683897,-0.7459699717431538,0.13974654533046088,0
-0.5656934990392123,-1.554747999266569,1.0635436306510382,0.7251857628268938,1
0.05148525729383118,0.5610244837762912,-0.0653142598805551,0.349051313021179,0
-0.747492752173596,-0.1348388806787131,-0.38990026943477335,0.26409638115626677,1
-1.0095213411526256,-0.3387425544022375,0.13238306566982688,1.0902610752427409,1
0.8042522943536324,0.040177843625018105,0.1106804041670665,0.7319554973806571,0
0.5691543238044883,0.5631347593318788,-0.7189956858375146,-0.010463486062181802,0
1.6640984235177445,1.4727486155463994,-1.2485086772660627,-1.48790330421611,0
-0.736066575946817,-0.6877310762426591,0.08094479119325282,0.9788127729195357,1
-0.7174682767961519,-1.1881386765369912,1.215074306127725,0.6328422036571711,1
-0.04162928958809023,-0.3450818902446276,-0.3161828779038514,0.7165641107334584,1
-1.0391942418769382,1.827734404368991,-0.14098146781399631,-3.097738563959459,0
-0.17923743701202008,-0.2971888461435424,-0.3537268848416866,0.5534313130561405,1
-0.7786774239063747,0.15498364118948432,-0.8515622059947545,-0.5687999617762138,1
1.4440830055879488,1.4114825510293407,-1.27158059186048,-1.556838435255837,0
0.30069191867314904,-1.1335608240630446,1.6122261653627818,-0.3471887497665942,0
1.4836351540652613,0.037710182693081025,-0.3734760786003499,1.293400718990334,0
-2.5171086112465173,0.8353432876514219,-0.15232116550140076,-3.0632233913048994,1
0.1731054770516679,1.0040291852883905,-0.37327981899054574,-0.7171914006234715,0
1.0148455115794994,-0.12534264067856898,0.17950819290768194,1.5427192833929932,0
-0.12456223451531863,-0.3007099430181478,-0.6927973100171476,0.8329159479303456,1
-1.1290215657520786,-0.042922765551870204,-0.11810353074089718,0.506029650753544,1
-0.19148693076150292,-0.061251529853223644,-0.6304050108073193,0.18714896934721234,1
-0.7801188799842145,-1.133918209439394,1.1085007738271033,0.73872999264789,1
0.434782491377566,0.4965759875745965,0.16757287012540684,0.8476884418264972,0
-1.9534289698805192,-1.308237181341681,2.257098729763416,0.3638238069173304,1
-2.0212477204696175,0.80682053094848,-0.3543133815826129,-2.7166434507184265,1
0.6097611962411956,-1.0258006239180402,0.8854038034264877,0.35828709715219215,0
0.763399319659733,0.21272690699681224,-0.2311239630147361,0.8279886094893154,0
0.5246098152527064,-0.003491245694640992,0.29566649684990104,0.7750494757074257,0
1.8541245235354096,0.6286383933113675,-0.858613859416787,0.522651205761286,0
-0.7877832074224849,-1.9005608967628562,1.452662538415042,-0.2677800490937596,1
-0.22499656567544127,-0.6232825800409642,1.5924632790732018,0.7171830034845057,0
-0.48585089531301123,-0.32641752405653074,-0.3548998783235392,0.8150632724193667,1
-1.056069825227258,1.5762882645802287,0.13277102071246297,-1.0994766922319026,0
0.17918771855084573,1.2294202293061476,-0.4505171038024201,-0.26592337084061773,0
-0.7638409735442184,-0.5535583949503003,0.14685150667166716,0.7984436216970127,1
-0.7318828375745501,-0.13977420254258727,-0.4714392910429362,0.15021059353662938,1
0.8139557547800664,0.16589240434377175,-0.263974626772069,0.8218330069731299,0
0.3980077826599939,0.28316586284017503,0.009789272196820794,0.37613501194970156,0
-2.47228284297223,1.3132185908844802,-0.3668283548403561,-2.7659168351287287,1
-0.6573490111106373,1.4991610966937536,0.07957553810159601,-0.8323054523182644,0
-0.10503577828038596,-0.39931427018810295,1.4544197465493347,0.9825070865719411,0
-0.3519044682163783,-0.16865094095162764,-0.6804740321922366,0.2788736357658878,1
0.613874619682836,1.0575689183357977,-0.36565307927001733,-1.007118850921771,0
1.5559540602144444,0.08948000720999565,-0.34903262882578984,1.3229171425018196,0
-0.9597735277344952,-0.36128165880401325,-0.18106635207224933,0.576208756222876,1
1.8393583881038797,-0.39614545318447064,-0.22212797020255087,1.2047562341864866,0
-0.22096048865748974,0.8490770971139959,-0.09894083372316015,0.23085707971155864,0
1.419015732819661,1.0793864446443726,-0.86037106755108,-0.2062240239319038,0
0.021822903809112608,-0.32500891512317603,-0.02542335314362011,0.2819490566672458,0
0.09349139685000245,1.2202643563310982,-0.858613859416787,-0.11143821875227926,0
-1.3338489586665865,0.36628349036831814,-0.41238796937675026,-0.3182436118714602,1
-0.04524347702228375,-0.19999363845747964,-0.1360909521882954,0.3379683720639632,0
1.603381480921906,-0.2845101744587622,-0.2626053736804122,1.1253475335136518,0
-1.1968403163411767,-2.3664722990638336,2.4102040462955077,-0.7621325357764427,1
-0.9576289223503921,1.7150388823601121,-0.29095849744934965,-3.1568190181171256,0
0.7178352446138693,-1.16349610392013,1.1454706073018373,0.35151260188495925,0
1.242349469621,-1.068057190083556,0.7743345568082598,1.0908323608590924,0
-0.08513665291313374,-0.19611855987677568,-0.46381483341089386,0.5663588400542853,1
0.16027651795889347,0.6730052350324709,0.2213616957426584,0.5811337143071715,0
-2.6546094580863113,1.2449069289479595,-0.24970016329154676,-1.6799980927142446,1
0.7566139288542919,0.21837699961338541,0.1388413760854748,0.638383674135779,0
0.37287019496107976,0.7592882758939953,-0.3505981415272508,-0.5977450996713478,0
-0.6771075066166369,-0.7042899320135196,0.037539468187732065,0.8446130209251391,1
0.7427970449862176,0.6649044998352154,-0.29389143757167857,-0.20070159630717438,0
-0.6283089447619618,-0.7307024131608738,0.734831605113961,0.776277739782581,1
0.03796721188091864,0.34198128477655143,-1.387738895802699,-1.5426991162511419,1
1.1507994299455144,-0.8116927467821745,0.20591195669179735,0.4746341736356098,0
1.357033121472549,1.325199510167816,-1.2127255298040982,-0.9560363953930229,0
0.15426810713687336,-0.4179782960091747,1.332008520155216,0.22777689809673105,0
0.7402305500183562,1.042065200342731,-1.1591420921505953,-0.07263840397508478,0
-1.686583808153586,-1.6589854007018423,2.3928145320314664,-0.35394896289341826,1
-1.5058744364439103,0.10743436778374484,-0.1186900274818235,0.4019904468030687,1
-0.8142919362686125,-1.8206257009193494,1.6784980149989714,0.4463174499184623,1
-0.9923996555451137,0.033847016958255385,-0.4157129723009902,-0.248689588080686,1
0.971004152333981,0.8589477408417443,-0.5474967361074996,0.6611636880877882,0
1.3244069936619303,-0.7722442085736906,0.1789148499012974,0.9991267372942951,0
-0.05805485738240162,-0.29965310340522855,-0.3744528124723984,0.6193027345496447,1
0.7081317841874353,0.05990211272926006,0.3126680560713064,0.9277207959638487,0
-1.5570988634051937,0.37225693165873136,-0.36291685517518985,-0.45739926658770474,1
0.38485889063286954,-1.1353307325935376,1.6352980799571988,-0.4598748375918938,0
1.1657765101689233,-0.8497287618365151,0.25107448783161107,0.7972105969083877,0
-1.2994298001249964,-1.6100236041419598,2.3994554095260017,0.2739462973248576,1
-0.5889677410765285,-0.5630716533016992,0.35842393021750474,0.8643128532623209,1
0.4624162591137148,-1.4737406472940133,1.6051745119407492,0.2917989728358366,0
1.4547708750431514,1.4716934777686057,-1.3552647766455719,-1.4528168459451996,0
-1.127650424604865,1.7551851729700403,-0.15447317494378804,-3.5200138487124826,0
-0.0730284218592792,-0.2912017901721254,-0.7092055262321685,0.7824381030122362,1
-0.8937478078763685,-0.560603992369762,-0.04457007554195448,0.7233386060006912,1
-1.3433766317664546,-0.303526480150807,-0.1826295826852242,0.40876494207030156,1
-1.8858211640833002,-1.325493789513986,2.1972623696580134,0.15821335287901758,1
-1.137318727565986,0.3465592212640762,-0.42118770257913135,-1.1819798566599737,1
0.3802884201421579,0.0697557381057537,0.43058356814781845,0.6371554100606237,0
0.15032695527526738,1.1498254004877353,-0.6820258523627809,-0.07140061847299026,0
1.0016966195523753,-1.0536256282195378,1.0658713609068549,0.6365365173095765,0
1.837600514838221,0.5779237065722467,-0.8245879200891153,0.5854426360685013,0
1.093246659227861,-0.958186714382964,0.3363333136721083,0.21053835462332968,0
-1.2402949434682504,-0.018280192935008783,-0.14058894859438803,0.33365992637398023,1
-0.9959154020764303,1.6393242376277803,0.10716598789848067,-2.0093442505407855,0
0.7214213060758123,1.256530462854946,-1.1284480020126217,-0.09601350711079339,0
-2.3422353787788275,1.0286887762565065,-0.16816114168338392,-1.0046432799175817,1
-1.0823676092815067,-1.4857215665773496,1.7449752525989093,1.5660943865287018,1
-2.008696505352817,0.9145807310934846,-0.2927182158809773,-2.9259720219764924,1
0.5297428051884286,-0.006299273651672845,0.4071236985107652,0.7535024865440413,0
-0.16999165646903294,0.2578085194706146,-1.3204629272326278,-1.4811430910892862,1
-0.8286010246510711,-0.26795982786352895,-0.13237571213293328,1.2250368735669586,1
0.8073813087665043,-0.22253104102412988,-0.002534005628090478,1.1271566046320975,0
1.0329164487504672,0.18139612233683858,-0.0744882555946557,0.8095218019407587,0
0.0033300770543870507,-0.2767634209676052,-0.5007709743547111,1.0071294966366833,1
1.3706742180140572,-0.3327563493483832,0.15702962131964937,1.088404396989599,0
1.4888033014662967,0.038067568069430534,-0.27766259351166483,1.3371040686412108,0
-1.947241255985402,0.956139544857556,-0.3394524213611644,-3.0226145054092592,1
0.05331696123664713,1.4470509051517442,-0.6290357577156623,-1.314327691114698,0
-1.544934380406838,-2.506975807022955,2.6112104001507275,-0.9430872547557261,1
-0.6708143203255801,-0.6468870332312865,0.26515497379081526,0.8347631047565482,1
-0.9405775516735062,-0.04962799594623721,-0.2985843243344836,-0.2493084808317332,1
0.9301160201747685,-1.2008173482217714,1.1970914488572988,0.8230660317617549,0
0.05392518538656491,1.3230892346122285,-0.37464907208220255,-0.24254826770490914,0
0.29816058117060107,0.4000819359602289,0.1781389398160252,0.7024057488748846,0
0.08161520506721484,-0.026380928132264347,-1.038305506811882,0.48017564411421776,1
-0.6358326423389794,1.4266288836460579,-0.9827822939451986,-2.2420479249345604,0
-2.072261202639022,1.231530504861735,-0.4045672521349038,-2.267898599074458,1
0.48804605132701323,-0.7490141591109726,0.3322255543971378,0.16991042587381103,0
1.621733677815379,1.1353938386237172,-1.0828975158301721,-0.18713356291883032,0
1.2525802920271312,1.4495185660836813,-1.2610145221698617,-1.7157034437362026,0
-0.2632935926410735,-0.6243377178187579,0.17834432777977363,1.1407246380204417,1
0.4748620018345758,0.22506521165649765,-0.34531738877042767,0.424770460755078,0
0.25231524640223196,-0.16829866108065455,1.0048711356735442,0.4943340059727914,0
1.425976910951668,-0.9381220782536271,0.34571269734995735,0.6814776524625475,0
1.3469780863929834,-1.2233666636343001,0.5766372312578778,0.21423266827573498,0
1.4626813047386138,-0.09787502175342096,-0.2962378809530811,1.4583594407117804,0
-0.3297517493225521,-0.3457864499865738,-0.29877989931774196,0.4752483056731875,1
-2.3092576763150774,1.2611083993424708,-0.408476469711584,-2.482749597957253,1
-0.36851637057684944,0.926204265000471,-0.20257503605369168,-0.14281132051690631,0
0.29242991432455495,0.3824679424115744,-1.3818739283934358,-0.6876273699772902,1
0.41846942747225674,0.17435052491737685,0.3539282158998982,0.6020641910762433,0
-1.0260805073151271,0.3162665560306415,-0.40065575246973756,-0.06711597635035524,1
-0.16454752296528913,1.129760764358399,0.02113125197271131,-1.3217067969925695,0
0.08804550547299296,-0.27112864486716126,-0.6855630895162276,0.9486488923761857,1
-0.013893565202533214,-0.42854328846811646,1.3763951412097577,0.7233386060006912,0
0.3512835112587956,0.012710224699870095,-1.0068355065886363,0.4912538243579639,1
0.8708756911220829,0.9159932542476278,-0.40221898308271237,-0.5183363989985132,0
-0.9407884964653854,-0.29965310340522855,-0.5477021240712481,0.13912765257941362,1
-0.797521825314232,1.70799328494065,0.301714031338052,-1.0329695250616684,0
0.9610897471156681,0.738866254388309,-0.28098531434741875,-0.13914557114531872,0
1.1777300483753999,-0.18731496677269943,-0.057098741330614246,1.359241386274825,0
1.9086537522361307,0.7286382252842113,-0.9000565863242664,0.37552087991212385,0
-0.7957639520485736,-0.3345170679691985,-0.4818045369467782,0.3730595910483435,1
0.7224760300352072,0.8325352596943901,-0.4503231262811021,0.7331885221692821,0
-1.0724532040631938,-0.43276894508466796,0.3036766274360934,1.1185397132521318,1
-1.0811019405302327,-1.4920523932441119,1.4121782886717222,0.8864739744632828,1
0.16018159280254793,0.6349692199781302,0.19632718505019975,0.4900255602828085,0
-0.41000569539291715,-0.7976015519432511,0.5381155776125996,1.0243680401100848,1
-0.0001399647720224957,-0.2394353693254617,-0.76082636778763,0.8242990565503798,1
0.8253467735415324,0.8564800799098072,-0.4900154913197468,0.7799720534349862,0
-0.7088898552597392,-1.5663715331735553,1.4935347432009975,1.134583317644665,1
-0.44525457011589786,0.11061679946838093,-1.004097000405323,-0.05169126470886937,1
-1.5859631424273035,-2.6179014205013407,3.725211894637844,-1.0311128468085267,1
1.3146332183048701,0.988882852671673,-0.940928791110222,0.036953220094978444,0
0.9585935670784332,1.320978959056641,-1.040838625031447,-0.6857706917241485,0
-0.6747167989753415,-1.5304457936748022,0.9794486699384496,0.6987161959359489,1
1.2273020744669647,-0.1668895415967622,-0.04203695732238936,1.3537189586500955,0
-0.4907307514984787,0.1570939167450719,-1.0261876169507194,-0.02341262669947864,1
-1.7529611026648442,-2.5383236100341833,3.5897014803335425,-0.8950992629822145,1
1.0448699869569438,1.3301348320316901,-1.1656004025662432,-1.0871464443456529,0
1.0436043182056698,-0.346843289599493,0.2684868229805134,1.7156760037433583,0
1.2417517927106758,-0.23309603348307154,-0.0743056885157681,1.0760741491033496,0
-1.0443975467432869,0.14969093394926064,-0.45169009728427284,-0.8107394203010015,1
-2.2466773880576407,0.9825520260049103,-0.18204308594429786,-0.8384467726940411,1
-1.6708684211586002,-2.5439566842995016,3.5961369698643293,-0.7842698534100566,1
0.7936347398290561,-0.20809267181960972,0.6380482324186856,0.4143064125489095,0
0.0832113539924326,0.29795481008054286,-1.3140046168169799,-1.4220626369316194,1
1.1375099080571376,-0.18555526925295943,-0.09014110052077909,1.0292763356972365,0
-1.7531017325260967,0.9336072477962822,-0.38012380236034377,-2.6760345648227863,1
-1.6370820969926474,0.8913506816307664,-0.3279150948108641,-2.5055058083419146,1
-0.18120861061973337,1.2607510139661215,-0.40300173943344286,-0.3853696717927414,0
0.2261580922092361,-0.08483896469229124,0.8943952320617009,0.34227681775394614,0
-1.612717973530623,0.1768181858493139,-0.11028053141056461,0.23824094630289958,1
0.665415463831938,-0.04469267408236301,0.38286509790357875,0.8907824201532657,0
-0.17736013383669294,-0.2137274479200536,-0.4552113598183169,0.9104822524904473,1
0.06091800523735371,0.5046767227718518,-1.4986027544571785,-2.356543083878306,1
0.8067836318561805,1.2255400452200673,-1.0772151154997964,0.06280389423487608,0
-1.6539225228776542,-1.7132058677994397,2.4590863816676554,-0.21298423705872788,1
0.5036208084607459,-0.2418996265871478,0.7516505972564786,1.0674572577233838,0
0.16679822777448586,0.26168870355669505,-1.2146881259021396,-0.2653044780895704,1
1.506171089331001,-0.030261112218344724,-0.3206801896833982,1.2601233318378695,0
-0.27967345573047775,0.22012988979262346,-1.1251161528229234,-0.9689379288956237,1
0.8396910193893042,-0.2003459183284527,0.2137166993142412,1.4380311941966124,0
1.3035937741965358,1.289273770669063,-1.4336773370277849,-1.943455976121599,0
-0.4945312734988321,-1.084258660478067,0.19338329090313758,0.7910549943922022,1
-0.1380310594767927,0.2275328725884348,-1.0916835565016365,-0.805216992676272,1
1.2319780173536157,1.406189843789117,-1.207248517437471,-1.389404142530202,0
0.8666567952845029,1.1758804962587401,-1.1386261166606042,-0.10524929124180646,0
-0.8834115130742977,-1.9149924586268745,1.8210600827253056,0.5004896084889771,1
0.7116826881840651,0.9603600959687312,-0.4045672521349038,-0.7110024731129989,0
-0.7862714364140186,-1.4850067958246502,1.7334507057441313,0.8735438766798643,1
2.1287043276312394,1.350199468161027,-1.3155792578723853,-0.9861717116555554,0
-1.685599399124817,1.129760764358399,0.4075116535534013,0.11327221772604636,0
-1.4901590494489245,-2.528452966306435,2.6536572459920884,-0.7282362558729306,1
1.2514200956717967,-0.8204912343808745,0.1929953358605015,0.7879748127773745,0
1.1512564769945854,1.3900053917458606,-1.1959065376615805,-1.229348955682438,0
-0.5321181196651382,-0.3063445489350792,-0.365066582529091,0.7670467163650374,1
-0.06547308256347975,-0.47361979543654237,1.5369400662065185,0.8790853471584723,0
-0.20059201112830677,0.7339309325244349,-0.058080039379634955,0.01110254595508081,0
-0.9400150322284957,0.19336002326891977,-0.8595951574658077,-0.604505312798172,1
-1.7795401464415979,-2.4626089653018512,3.215051013571379,-0.16375845978312173,1
-0.03599706364492097,-0.091169791359054,-0.6398072153700293,0.2831820814558707,1
0.4889601454251555,0.9832497784063545,-0.2737510938464986,-0.9314235067552197,0
0.3267084430048922,-0.20703583220669042,-0.7713924374782485,1.0385121198282496,1
1.2247707369644165,-1.0810932471446857,0.5424287248513187,0.49740942687414946,0
-1.2216263293869591,-2.0780452819985245,1.6957049621841251,-0.4567803738366574,1
0.9269870057618966,0.6705375741005338,-0.4262699136376642,-0.16190178152997992,0
-0.2549401788826651,1.0462857514539061,0.12124647385768485,-1.3001407649753067,0
-0.42164633215810665,-0.40600418406634065,-0.38970629191345524,0.7756636077450033,1
0.8365620049764324,-0.24471616371980703,0.7387567973100437,0.43338735213504387,0
0.24591658771523567,0.3726143170350808,-1.39595441435264,-0.6943875831041142,1
-0.6677204633780214,-0.5553112851295383,0.21725393646768792,0.539272284697681,1
0.24795572070339933,1.1765952670114392,-0.8034557807078786,0.19637999276475593,0
1.5941702250098566,-0.4109344004248384,-0.1937753028513106,1.0760741491033496,0
-1.5559738245151722,0.13279171115330526,-0.1288567316873753,0.17729905317862152,1
-1.2272163663717526,0.3937511092934661,-0.44347914291130414,-1.3377027942504065,1
-1.3602170576514612,-0.3764245877504796,0.1777509847733891,0.8359913688317037,1
0.7605867224346796,0.20076300606473102,-0.22408372003513402,0.8286075022403627,0
-1.52064057187544,0.5539788863568296,-0.45736108717221813,-2.0358138174317304,1
1.2350718743011742,-0.7803449437709462,0.26065925947320867,0.7239527380382689,0
-1.2335095526628093,-1.879083737479376,1.8765832955919892,0.2019214632433638,1
1.2757842191338211,-0.23696941022865006,-0.05944929247129176,1.419607233069282,0
-0.9741529310475804,1.7414513635074662,-0.243052439531553,-3.1438698774798284,0
-2.491197559310714,0.8367558108055653,-0.11380179394460871,-3.0373727171650016,1
0.48213959715440113,0.09969101796283879,0.26006591646682414,0.7288800764792991,0
1.2109538530963422,-0.7215295218345698,0.23407292861020573,0.7793579213974086,0
-0.11381459736908364,0.7867558948191433,0.15057131090400147,0.13420507485185298,0
0.6156324929484943,-0.32641752405653074,0.7718014385886947,0.41738183345026747,0
-0.5240072924173909,0.15498364118948432,-0.5905141040703842,-0.1963693470498434,1
0.5352625272425958,-0.005601521250228566,-0.9962694368980181,0.5509688816211274,1
0.09475706560127646,0.8096455772567668,-0.569610173537757,0.046189004225991634,0
-0.082274835236642,1.2480723422813411,-1.058844303186734,-1.7569312223828901,0
1.8906531299957892,0.6789956946741388,-0.951677427879728,0.4063036532065213,0
0.7205775269082962,0.12540574670874874,0.11360147742926767,0.7411912815116702,0
-0.49983653501458886,-0.6630714852745427,-0.35353062523188244,0.5811337143071715,1
-1.5708102748773285,0.36487096721417484,-0.3906830257855038,-1.3050919069836848,1
0.6623567643496926,1.3466766694512962,-1.0017464492646453,-0.7941245302921172,0
0.021446718930261722,0.9776167041410362,0.05063865609791549,-0.9849815332881571,0
1.0671246625001782,-0.10983892268550216,0.14685150667166716,1.575330170659715,0
-1.0556479356435002,0.2824681104387308,-0.6220069251784909,-0.8064547781783666,1
1.2015668098577268,0.7054081758214931,-0.7688593192586833,0.5183418079286091,0
0.9608084873931627,-0.25105549956219714,0.010953137324729053,1.1185397132521318,0
-1.4474427290934273,0.2451298477858344,-0.427445189208003,-1.151796933262745,1
0.4338332398141104,0.30605554527779844,-1.2246608525863734,-0.2696367273469013,1
0.682080102390379,-1.395915727006094,1.5083911392454739,0.6476194582667922,0
1.150096280639251,-0.884241978181125,0.29566649684990104,0.5811337143071715,0
0.1607441122475586,1.1075688343222199,-0.6194738069589257,-0.14833374814163586,0
-1.0348347161781055,-1.8949278224975379,1.7432180444646164,0.3114988051730183,1
1.585591803473444,1.1424224176919242,-0.9792450567917517,-0.060308156088835246,0
0.16121522228275506,0.3331657788265969,-1.4342706800341696,-1.4177303876742886,1
-0.2724943013135292,-0.4306552658588294,-0.40476122965622185,0.9738901951919752,1
-2.1056959521518435,1.0716430948234668,-0.24539842649525834,-1.8461945999377853,1
-0.4244624451296913,-0.8955081267117618,0.6315899220030378,1.2656933665972947,1
-0.7701341598352752,-1.4800884923120308,1.320483973300438,1.1838090949202709,1
1.0291897574272715,-0.20809267181960972,0.1712926743577411,1.4503614420828619,0
1.1344160511095787,1.3114657007052424,-1.1996263418939148,-1.0446808801968708,0
-0.913471145917055,1.521710412106282,0.2297597813714868,-1.0785295529656869,0
-1.3145475102096582,-1.5484001542485515,2.3482225230131766,0.0991138558674726,1
-0.44877383239374585,0.26801953022345776,-1.0940341076423141,-1.0822429094719708,1
1.3554861929987696,-0.8490139910838161,0.23327419764007262,0.9234075895603961,0
0.44068894555017796,0.42261423302150264,0.17912023786504586,0.9086350956642447,0
-0.7087843828637999,0.006379398033107373,1.3220357934709825,0.9738901951919752,0
0.4279267856414985,-1.0814506325210351,1.567428768380743,-0.3108645059935889,0
-0.46726314340194014,-0.20985407117447513,-0.4204049462284009,0.2985734681030695,1
-1.0025250055553057,1.8833673946207308,0.4507115885951735,-2.2795623470749637,0
-0.5342978825145546,0.18949685753409415,-0.5750643650195234,-0.22098223568764655,1
1.6093230925598314,0.23738649796492833,-0.5987296226203251,1.0822154694791262,0
0.8147995339475823,1.27906275991622,-1.062746674497956,0.04923586084653204,0
0.032334985937749396,-0.15069147487250206,-0.8138164624347486,0.5959081124887108,1
-0.002207223732436683,-0.20950179130350205,-0.5780082591665854,0.7399582567230453,1
-0.9005331986818098,0.3324680264251526,-0.4904080105393552,-0.02831616157316087,1
1.6505276419068624,0.2768350361734123,-0.5950098183879908,1.0317519067014256,0
0.8555821937108554,0.9402954598393944,-0.531862147889265,0.12866360437324512,0
0.04725932996318856,0.8878278829210355,-0.22916821318215297,0.3527456266735842,0
-0.9923996555451137,-0.43734688157219265,0.14372504544571743,0.3361212152377605,1
0.7592858962180926,1.4178133776961033,-1.0942394956060626,-1.3580310407655747,0
0.5305865843559446,-0.014757394225277916,-0.9839461590731068,0.6494666150929947,1
-0.45051061118021635,-1.5881890594821302,1.172650281171225,0.7214914491744885,1
-1.2259858550857918,0.07821385867935876,-0.18869080970429167,0.35828709715219215,1
1.215559481052367,0.3465592212640762,-0.14782545118379425,0.7097943761796951,0
1.312101880802322,-0.7437214518707488,0.058078264562584185,0.890168288115688,0
-0.09485066057916164,0.03454476935969963,-1.073883266310098,0.23269947582429168,1
-0.3173622585461922,-0.32430452556474243,-0.32400427977224366,0.3367401079888078,1
0.054536925283013994,-0.32853035236480654,-0.35177113500910345,0.6611636880877882,1
1.5217106889994205,1.3833001613514935,-1.295633804503918,-1.5107071217354675,0
-0.669970541158064,0.24407471000804065,-0.6267080274598459,-0.400127883548484,1
0.11521871041353936,-0.13237121974677601,-0.8726943453759912,0.5195729284318462,1
1.2005120858983318,-0.8733161966755828,0.48024181360523865,0.9480347603386079,0
-0.28577679170884346,0.1306814355977177,-0.9422980442018788,0.2370126822277442,1
-0.7279803589247886,-0.6972443345940578,0.6630827431111442,0.682705916537703,1
-0.21997607962872112,-0.2179531045366052,-0.3969405124143754,0.5214200852580488,1
-0.0826967248204,0.5092546592593766,-1.431532173850856,-2.2211007856683445,1
-0.18768535403719022,-0.35036438647409845,-0.33475816534526764,1.130251068387334,1
0.08053587088210062,0.5050341081482015,-1.4039645449388323,-2.1478334053712866,1
1.8412217337654773,1.4118229180544353,-1.4010206507917702,-1.5149917638581023,0
-0.451916909792743,-0.2985962637923093,-0.31598730292059307,0.3810623503907317,1
0.4671625169309923,0.7223073986174484,-0.11712451478036257,0.8126019835555863,0
0.13610576055609155,1.002616662134247,-0.935839733786231,-0.37180163840439734,0
1.1192983410249173,-0.9944528209068118,0.6824348534732271,1.1930448790512842,0
-0.5252272564637577,-1.454373763566121,1.020320874724405,0.8095218019407587,1
0.08245898423473082,1.580168448666309,-0.6243574763191684,-1.389404142530202,0
-0.2837587531998677,0.10074615574063261,-0.9823715180177014,0.2345466326504943,1
-0.1361536508290696,-0.2827504769390222,-0.4168859657828429,1.011442703040136,1
0.13591591024340044,0.4916406657107221,-1.4141198387019536,-2.112128054349329,1
-0.5444583899900598,1.278722392891125,-0.11262651837426994,-1.9896348967766644,0
-0.6786192776251029,1.662571305441753,-0.32204898635735774,-2.831757502413219,0
0.09461643574002376,0.6965926698715386,-0.036377377876874575,0.3816764824283094,0
-0.6841741571445833,-0.6377311602562372,0.6098872605002772,0.811983090804539,1
-0.8458633401198359,0.27612026542071333,-0.7160517916904525,-1.282906982215375,1
0.19412964130894148,0.09688299000580697,0.2659308838760875,0.46847857111942426,0
-0.6842444720752096,-0.5644841764558424,0.17364322549841862,0.7498081728916361,1
-0.18444699990719446,1.3382355672289459,-0.2737510938464986,-0.21855427181815335,0
1.3059141669072047,-0.12815066863560087,-0.14411021112843211,1.0071294966366833,0
1.2032543681927588,-0.005244135873879058,-0.31422735628011683,1.1357734960120636,0
0.09236284221344983,1.2255400452200673,-0.5891448509787275,-0.16437735253416905,0
-1.5123082525962197,-2.483728739208982,2.6112104001507275,-0.7953623157942118,1
-2.387201776914367,0.8135087429915923,-0.1888870693140958,-2.7880541527623426,1
-1.406378809607649,-2.392527394834838,2.970228560783142,0.25609362181387857,1
